sample_id,lang,split,y,label_task3_1_majority
120001,es,TRAIN-VIDEO_ES,1,YES
120002,es,TRAIN-VIDEO_ES,1,YES
120003,es,TRAIN-VIDEO_ES,0,NO
120004,es,TRAIN-VIDEO_ES,1,YES
120006,es,TRAIN-VIDEO_ES,0,NO
120007,es,TRAIN-VIDEO_ES,1,YES
120009,es,TRAIN-VIDEO_ES,1,YES
120010,es,TRAIN-VIDEO_ES,1,YES
120011,es,TRAIN-VIDEO_ES,1,YES
120013,es,TRAIN-VIDEO_ES,1,YES
120014,es,TRAIN-VIDEO_ES,1,YES
120015,es,TRAIN-VIDEO_ES,0,NO
120016,es,TRAIN-VIDEO_ES,1,YES
120019,es,TRAIN-VIDEO_ES,0,NO
120020,es,TRAIN-VIDEO_ES,0,NO
120022,es,TRAIN-VIDEO_ES,1,YES
120024,es,TRAIN-VIDEO_ES,1,YES
120025,es,TRAIN-VIDEO_ES,0,NO
120026,es,TRAIN-VIDEO_ES,0,NO
120028,es,TRAIN-VIDEO_ES,0,NO
120030,es,TRAIN-VIDEO_ES,1,YES
120032,es,TRAIN-VIDEO_ES,0,NO
120033,es,TRAIN-VIDEO_ES,0,NO
120034,es,TRAIN-VIDEO_ES,1,YES
120037,es,TRAIN-VIDEO_ES,1,YES
120038,es,TRAIN-VIDEO_ES,0,NO
120039,es,TRAIN-VIDEO_ES,1,YES
120041,es,TRAIN-VIDEO_ES,0,NO
120042,es,TRAIN-VIDEO_ES,1,YES
120043,es,TRAIN-VIDEO_ES,1,YES
120044,es,TRAIN-VIDEO_ES,1,YES
120045,es,TRAIN-VIDEO_ES,1,YES
120046,es,TRAIN-VIDEO_ES,1,YES
120047,es,TRAIN-VIDEO_ES,1,YES
120048,es,TRAIN-VIDEO_ES,1,YES
120049,es,TRAIN-VIDEO_ES,1,YES
120050,es,TRAIN-VIDEO_ES,1,YES
120051,es,TRAIN-VIDEO_ES,0,NO
120052,es,TRAIN-VIDEO_ES,0,NO
120054,es,TRAIN-VIDEO_ES,0,NO
120055,es,TRAIN-VIDEO_ES,1,YES
120057,es,TRAIN-VIDEO_ES,1,YES
120058,es,TRAIN-VIDEO_ES,1,YES
120059,es,TRAIN-VIDEO_ES,1,YES
120060,es,TRAIN-VIDEO_ES,1,YES
120061,es,TRAIN-VIDEO_ES,1,YES
120062,es,TRAIN-VIDEO_ES,1,YES
120063,es,TRAIN-VIDEO_ES,1,YES
120064,es,TRAIN-VIDEO_ES,1,YES
120065,es,TRAIN-VIDEO_ES,1,YES
120067,es,TRAIN-VIDEO_ES,1,YES
120069,es,TRAIN-VIDEO_ES,1,YES
120070,es,TRAIN-VIDEO_ES,1,YES
120071,es,TRAIN-VIDEO_ES,1,YES
120072,es,TRAIN-VIDEO_ES,1,YES
120073,es,TRAIN-VIDEO_ES,0,NO
120074,es,TRAIN-VIDEO_ES,1,YES
120075,es,TRAIN-VIDEO_ES,0,NO
120076,es,TRAIN-VIDEO_ES,1,YES
120077,es,TRAIN-VIDEO_ES,1,YES
120078,es,TRAIN-VIDEO_ES,1,YES
120079,es,TRAIN-VIDEO_ES,1,YES
120080,es,TRAIN-VIDEO_ES,1,YES
120081,es,TRAIN-VIDEO_ES,1,YES
120083,es,TRAIN-VIDEO_ES,1,YES
120084,es,TRAIN-VIDEO_ES,0,NO
120085,es,TRAIN-VIDEO_ES,1,YES
120086,es,TRAIN-VIDEO_ES,0,NO
120087,es,TRAIN-VIDEO_ES,0,NO
120088,es,TRAIN-VIDEO_ES,1,YES
120089,es,TRAIN-VIDEO_ES,1,YES
120091,es,TRAIN-VIDEO_ES,1,YES
120092,es,TRAIN-VIDEO_ES,1,YES
120093,es,TRAIN-VIDEO_ES,1,YES
120095,es,TRAIN-VIDEO_ES,1,YES
120096,es,TRAIN-VIDEO_ES,1,YES
120097,es,TRAIN-VIDEO_ES,1,YES
120098,es,TRAIN-VIDEO_ES,0,NO
120099,es,TRAIN-VIDEO_ES,1,YES
120100,es,TRAIN-VIDEO_ES,0,NO
120101,es,TRAIN-VIDEO_ES,1,YES
120102,es,TRAIN-VIDEO_ES,1,YES
120103,es,TRAIN-VIDEO_ES,1,YES
120104,es,TRAIN-VIDEO_ES,1,YES
120105,es,TRAIN-VIDEO_ES,1,YES
120106,es,TRAIN-VIDEO_ES,1,YES
120108,es,TRAIN-VIDEO_ES,1,YES
120110,es,TRAIN-VIDEO_ES,1,YES
120111,es,TRAIN-VIDEO_ES,0,NO
120112,es,TRAIN-VIDEO_ES,0,NO
120113,es,TRAIN-VIDEO_ES,1,YES
120114,es,TRAIN-VIDEO_ES,1,YES
120115,es,TRAIN-VIDEO_ES,0,NO
120116,es,TRAIN-VIDEO_ES,1,YES
120117,es,TRAIN-VIDEO_ES,0,NO
120118,es,TRAIN-VIDEO_ES,1,YES
120119,es,TRAIN-VIDEO_ES,0,NO
120120,es,TRAIN-VIDEO_ES,1,YES
120122,es,TRAIN-VIDEO_ES,0,NO
120123,es,TRAIN-VIDEO_ES,0,NO
120124,es,TRAIN-VIDEO_ES,1,YES
120125,es,TRAIN-VIDEO_ES,1,YES
120126,es,TRAIN-VIDEO_ES,1,YES
120127,es,TRAIN-VIDEO_ES,1,YES
120128,es,TRAIN-VIDEO_ES,1,YES
120129,es,TRAIN-VIDEO_ES,1,YES
120130,es,TRAIN-VIDEO_ES,1,YES
120131,es,TRAIN-VIDEO_ES,1,YES
120132,es,TRAIN-VIDEO_ES,1,YES
120133,es,TRAIN-VIDEO_ES,1,YES
120134,es,TRAIN-VIDEO_ES,1,YES
120136,es,TRAIN-VIDEO_ES,1,YES
120137,es,TRAIN-VIDEO_ES,1,YES
120139,es,TRAIN-VIDEO_ES,1,YES
120140,es,TRAIN-VIDEO_ES,1,YES
120141,es,TRAIN-VIDEO_ES,0,NO
120142,es,TRAIN-VIDEO_ES,1,YES
120143,es,TRAIN-VIDEO_ES,1,YES
120145,es,TRAIN-VIDEO_ES,1,YES
120146,es,TRAIN-VIDEO_ES,0,NO
120147,es,TRAIN-VIDEO_ES,0,NO
120148,es,TRAIN-VIDEO_ES,0,NO
120149,es,TRAIN-VIDEO_ES,0,NO
120151,es,TRAIN-VIDEO_ES,0,NO
120152,es,TRAIN-VIDEO_ES,1,YES
120153,es,TRAIN-VIDEO_ES,1,YES
120155,es,TRAIN-VIDEO_ES,0,NO
120158,es,TRAIN-VIDEO_ES,0,NO
120160,es,TRAIN-VIDEO_ES,0,NO
120162,es,TRAIN-VIDEO_ES,1,YES
120164,es,TRAIN-VIDEO_ES,0,NO
120166,es,TRAIN-VIDEO_ES,1,YES
120167,es,TRAIN-VIDEO_ES,0,NO
120168,es,TRAIN-VIDEO_ES,1,YES
120169,es,TRAIN-VIDEO_ES,1,YES
120171,es,TRAIN-VIDEO_ES,1,YES
120172,es,TRAIN-VIDEO_ES,0,NO
120173,es,TRAIN-VIDEO_ES,0,NO
120174,es,TRAIN-VIDEO_ES,1,YES
120175,es,TRAIN-VIDEO_ES,0,NO
120176,es,TRAIN-VIDEO_ES,0,NO
120177,es,TRAIN-VIDEO_ES,0,NO
120178,es,TRAIN-VIDEO_ES,1,YES
120179,es,TRAIN-VIDEO_ES,1,YES
120180,es,TRAIN-VIDEO_ES,1,YES
120181,es,TRAIN-VIDEO_ES,1,YES
120182,es,TRAIN-VIDEO_ES,1,YES
120183,es,TRAIN-VIDEO_ES,0,NO
120184,es,TRAIN-VIDEO_ES,0,NO
120185,es,TRAIN-VIDEO_ES,0,NO
120186,es,TRAIN-VIDEO_ES,0,NO
120187,es,TRAIN-VIDEO_ES,0,NO
120188,es,TRAIN-VIDEO_ES,0,NO
120189,es,TRAIN-VIDEO_ES,0,NO
120190,es,TRAIN-VIDEO_ES,0,NO
120191,es,TRAIN-VIDEO_ES,0,NO
120192,es,TRAIN-VIDEO_ES,0,NO
120194,es,TRAIN-VIDEO_ES,1,YES
120195,es,TRAIN-VIDEO_ES,0,NO
120196,es,TRAIN-VIDEO_ES,1,YES
120197,es,TRAIN-VIDEO_ES,0,NO
120198,es,TRAIN-VIDEO_ES,1,YES
120199,es,TRAIN-VIDEO_ES,0,NO
120200,es,TRAIN-VIDEO_ES,1,YES
120201,es,TRAIN-VIDEO_ES,0,NO
120202,es,TRAIN-VIDEO_ES,1,YES
120203,es,TRAIN-VIDEO_ES,1,YES
120204,es,TRAIN-VIDEO_ES,1,YES
120206,es,TRAIN-VIDEO_ES,0,NO
120209,es,TRAIN-VIDEO_ES,1,YES
120210,es,TRAIN-VIDEO_ES,1,YES
120211,es,TRAIN-VIDEO_ES,0,NO
120212,es,TRAIN-VIDEO_ES,0,NO
120213,es,TRAIN-VIDEO_ES,1,YES
120216,es,TRAIN-VIDEO_ES,0,NO
120217,es,TRAIN-VIDEO_ES,0,NO
120218,es,TRAIN-VIDEO_ES,1,YES
120220,es,TRAIN-VIDEO_ES,1,YES
120222,es,TRAIN-VIDEO_ES,1,YES
120223,es,TRAIN-VIDEO_ES,1,YES
120224,es,TRAIN-VIDEO_ES,1,YES
120226,es,TRAIN-VIDEO_ES,1,YES
120227,es,TRAIN-VIDEO_ES,1,YES
120229,es,TRAIN-VIDEO_ES,0,NO
120230,es,TRAIN-VIDEO_ES,1,YES
120231,es,TRAIN-VIDEO_ES,1,YES
120232,es,TRAIN-VIDEO_ES,1,YES
120233,es,TRAIN-VIDEO_ES,1,YES
120234,es,TRAIN-VIDEO_ES,1,YES
120235,es,TRAIN-VIDEO_ES,1,YES
120236,es,TRAIN-VIDEO_ES,1,YES
120237,es,TRAIN-VIDEO_ES,1,YES
120238,es,TRAIN-VIDEO_ES,1,YES
120239,es,TRAIN-VIDEO_ES,0,NO
120240,es,TRAIN-VIDEO_ES,1,YES
120242,es,TRAIN-VIDEO_ES,1,YES
120245,es,TRAIN-VIDEO_ES,1,YES
120246,es,TRAIN-VIDEO_ES,1,YES
120248,es,TRAIN-VIDEO_ES,1,YES
120250,es,TRAIN-VIDEO_ES,1,YES
120252,es,TRAIN-VIDEO_ES,1,YES
120253,es,TRAIN-VIDEO_ES,1,YES
120255,es,TRAIN-VIDEO_ES,0,NO
120257,es,TRAIN-VIDEO_ES,1,YES
120259,es,TRAIN-VIDEO_ES,1,YES
120260,es,TRAIN-VIDEO_ES,1,YES
120261,es,TRAIN-VIDEO_ES,1,YES
120264,es,TRAIN-VIDEO_ES,0,NO
120265,es,TRAIN-VIDEO_ES,1,YES
120266,es,TRAIN-VIDEO_ES,1,YES
120267,es,TRAIN-VIDEO_ES,0,NO
120268,es,TRAIN-VIDEO_ES,0,NO
120269,es,TRAIN-VIDEO_ES,0,NO
120270,es,TRAIN-VIDEO_ES,1,YES
120271,es,TRAIN-VIDEO_ES,0,NO
120273,es,TRAIN-VIDEO_ES,0,NO
120274,es,TRAIN-VIDEO_ES,1,YES
120275,es,TRAIN-VIDEO_ES,0,NO
120276,es,TRAIN-VIDEO_ES,1,YES
120277,es,TRAIN-VIDEO_ES,1,YES
120279,es,TRAIN-VIDEO_ES,1,YES
120280,es,TRAIN-VIDEO_ES,1,YES
120282,es,TRAIN-VIDEO_ES,1,YES
120284,es,TRAIN-VIDEO_ES,0,NO
120285,es,TRAIN-VIDEO_ES,0,NO
120286,es,TRAIN-VIDEO_ES,1,YES
120289,es,TRAIN-VIDEO_ES,0,NO
120290,es,TRAIN-VIDEO_ES,1,YES
120292,es,TRAIN-VIDEO_ES,1,YES
120293,es,TRAIN-VIDEO_ES,0,NO
120294,es,TRAIN-VIDEO_ES,0,NO
120295,es,TRAIN-VIDEO_ES,0,NO
120297,es,TRAIN-VIDEO_ES,0,NO
120298,es,TRAIN-VIDEO_ES,0,NO
120299,es,TRAIN-VIDEO_ES,0,NO
120300,es,TRAIN-VIDEO_ES,0,NO
120301,es,TRAIN-VIDEO_ES,0,NO
120302,es,TRAIN-VIDEO_ES,0,NO
120303,es,TRAIN-VIDEO_ES,0,NO
120304,es,TRAIN-VIDEO_ES,0,NO
120305,es,TRAIN-VIDEO_ES,0,NO
120307,es,TRAIN-VIDEO_ES,0,NO
120311,es,TRAIN-VIDEO_ES,1,YES
120312,es,TRAIN-VIDEO_ES,1,YES
120313,es,TRAIN-VIDEO_ES,0,NO
120314,es,TRAIN-VIDEO_ES,1,YES
120315,es,TRAIN-VIDEO_ES,0,NO
120316,es,TRAIN-VIDEO_ES,0,NO
120317,es,TRAIN-VIDEO_ES,0,NO
120318,es,TRAIN-VIDEO_ES,0,NO
120319,es,TRAIN-VIDEO_ES,1,YES
120320,es,TRAIN-VIDEO_ES,1,YES
120322,es,TRAIN-VIDEO_ES,1,YES
120324,es,TRAIN-VIDEO_ES,0,NO
120325,es,TRAIN-VIDEO_ES,0,NO
120326,es,TRAIN-VIDEO_ES,0,NO
120328,es,TRAIN-VIDEO_ES,1,YES
120329,es,TRAIN-VIDEO_ES,0,NO
120330,es,TRAIN-VIDEO_ES,0,NO
120331,es,TRAIN-VIDEO_ES,1,YES
120332,es,TRAIN-VIDEO_ES,1,YES
120333,es,TRAIN-VIDEO_ES,1,YES
120335,es,TRAIN-VIDEO_ES,1,YES
120336,es,TRAIN-VIDEO_ES,1,YES
120339,es,TRAIN-VIDEO_ES,1,YES
120340,es,TRAIN-VIDEO_ES,1,YES
120341,es,TRAIN-VIDEO_ES,0,NO
120342,es,TRAIN-VIDEO_ES,0,NO
120343,es,TRAIN-VIDEO_ES,0,NO
120344,es,TRAIN-VIDEO_ES,1,YES
120345,es,TRAIN-VIDEO_ES,0,NO
120347,es,TRAIN-VIDEO_ES,0,NO
120349,es,TRAIN-VIDEO_ES,1,YES
120350,es,TRAIN-VIDEO_ES,0,NO
120351,es,TRAIN-VIDEO_ES,1,YES
120353,es,TRAIN-VIDEO_ES,1,YES
120354,es,TRAIN-VIDEO_ES,1,YES
120355,es,TRAIN-VIDEO_ES,0,NO
120356,es,TRAIN-VIDEO_ES,1,YES
120357,es,TRAIN-VIDEO_ES,1,YES
120358,es,TRAIN-VIDEO_ES,1,YES
120359,es,TRAIN-VIDEO_ES,1,YES
120360,es,TRAIN-VIDEO_ES,1,YES
120361,es,TRAIN-VIDEO_ES,1,YES
120362,es,TRAIN-VIDEO_ES,1,YES
120363,es,TRAIN-VIDEO_ES,0,NO
120364,es,TRAIN-VIDEO_ES,1,YES
120366,es,TRAIN-VIDEO_ES,0,NO
120367,es,TRAIN-VIDEO_ES,1,YES
120368,es,TRAIN-VIDEO_ES,1,YES
120371,es,TRAIN-VIDEO_ES,1,YES
120373,es,TRAIN-VIDEO_ES,0,NO
120374,es,TRAIN-VIDEO_ES,0,NO
120375,es,TRAIN-VIDEO_ES,0,NO
120376,es,TRAIN-VIDEO_ES,0,NO
120377,es,TRAIN-VIDEO_ES,0,NO
120378,es,TRAIN-VIDEO_ES,0,NO
120380,es,TRAIN-VIDEO_ES,0,NO
120381,es,TRAIN-VIDEO_ES,0,NO
120383,es,TRAIN-VIDEO_ES,1,YES
120384,es,TRAIN-VIDEO_ES,1,YES
120385,es,TRAIN-VIDEO_ES,1,YES
120387,es,TRAIN-VIDEO_ES,0,NO
120388,es,TRAIN-VIDEO_ES,1,YES
120389,es,TRAIN-VIDEO_ES,1,YES
120390,es,TRAIN-VIDEO_ES,1,YES
120392,es,TRAIN-VIDEO_ES,1,YES
120393,es,TRAIN-VIDEO_ES,1,YES
120394,es,TRAIN-VIDEO_ES,0,NO
120395,es,TRAIN-VIDEO_ES,1,YES
120396,es,TRAIN-VIDEO_ES,0,NO
120397,es,TRAIN-VIDEO_ES,1,YES
120398,es,TRAIN-VIDEO_ES,0,NO
120399,es,TRAIN-VIDEO_ES,0,NO
120400,es,TRAIN-VIDEO_ES,1,YES
120401,es,TRAIN-VIDEO_ES,0,NO
120402,es,TRAIN-VIDEO_ES,0,NO
120403,es,TRAIN-VIDEO_ES,0,NO
120404,es,TRAIN-VIDEO_ES,1,YES
120405,es,TRAIN-VIDEO_ES,0,NO
120407,es,TRAIN-VIDEO_ES,1,YES
120409,es,TRAIN-VIDEO_ES,1,YES
120410,es,TRAIN-VIDEO_ES,1,YES
120411,es,TRAIN-VIDEO_ES,0,NO
120412,es,TRAIN-VIDEO_ES,0,NO
120413,es,TRAIN-VIDEO_ES,0,NO
120414,es,TRAIN-VIDEO_ES,0,NO
120416,es,TRAIN-VIDEO_ES,0,NO
120417,es,TRAIN-VIDEO_ES,0,NO
120418,es,TRAIN-VIDEO_ES,1,YES
120420,es,TRAIN-VIDEO_ES,0,NO
120421,es,TRAIN-VIDEO_ES,0,NO
120422,es,TRAIN-VIDEO_ES,0,NO
120423,es,TRAIN-VIDEO_ES,1,YES
120425,es,TRAIN-VIDEO_ES,0,NO
120426,es,TRAIN-VIDEO_ES,0,NO
120427,es,TRAIN-VIDEO_ES,0,NO
120428,es,TRAIN-VIDEO_ES,0,NO
120430,es,TRAIN-VIDEO_ES,0,NO
120431,es,TRAIN-VIDEO_ES,0,NO
120432,es,TRAIN-VIDEO_ES,0,NO
120433,es,TRAIN-VIDEO_ES,1,YES
120434,es,TRAIN-VIDEO_ES,0,NO
120435,es,TRAIN-VIDEO_ES,0,NO
120436,es,TRAIN-VIDEO_ES,0,NO
120437,es,TRAIN-VIDEO_ES,0,NO
120438,es,TRAIN-VIDEO_ES,0,NO
120439,es,TRAIN-VIDEO_ES,0,NO
120441,es,TRAIN-VIDEO_ES,0,NO
120442,es,TRAIN-VIDEO_ES,0,NO
120443,es,TRAIN-VIDEO_ES,0,NO
120444,es,TRAIN-VIDEO_ES,1,YES
120445,es,TRAIN-VIDEO_ES,0,NO
120446,es,TRAIN-VIDEO_ES,0,NO
120447,es,TRAIN-VIDEO_ES,0,NO
120448,es,TRAIN-VIDEO_ES,0,NO
120449,es,TRAIN-VIDEO_ES,0,NO
120450,es,TRAIN-VIDEO_ES,0,NO
120452,es,TRAIN-VIDEO_ES,0,NO
120453,es,TRAIN-VIDEO_ES,0,NO
120454,es,TRAIN-VIDEO_ES,0,NO
120455,es,TRAIN-VIDEO_ES,0,NO
120456,es,TRAIN-VIDEO_ES,0,NO
120457,es,TRAIN-VIDEO_ES,0,NO
120458,es,TRAIN-VIDEO_ES,0,NO
120459,es,TRAIN-VIDEO_ES,0,NO
120460,es,TRAIN-VIDEO_ES,0,NO
120462,es,TRAIN-VIDEO_ES,1,YES
120463,es,TRAIN-VIDEO_ES,1,YES
120464,es,TRAIN-VIDEO_ES,0,NO
120465,es,TRAIN-VIDEO_ES,0,NO
120466,es,TRAIN-VIDEO_ES,0,NO
120467,es,TRAIN-VIDEO_ES,0,NO
120468,es,TRAIN-VIDEO_ES,1,YES
120469,es,TRAIN-VIDEO_ES,0,NO
120470,es,TRAIN-VIDEO_ES,0,NO
120472,es,TRAIN-VIDEO_ES,0,NO
120473,es,TRAIN-VIDEO_ES,0,NO
120474,es,TRAIN-VIDEO_ES,0,NO
120475,es,TRAIN-VIDEO_ES,0,NO
120476,es,TRAIN-VIDEO_ES,0,NO
120477,es,TRAIN-VIDEO_ES,0,NO
120480,es,TRAIN-VIDEO_ES,1,YES
120481,es,TRAIN-VIDEO_ES,1,YES
120482,es,TRAIN-VIDEO_ES,1,YES
120483,es,TRAIN-VIDEO_ES,0,NO
120484,es,TRAIN-VIDEO_ES,1,YES
120486,es,TRAIN-VIDEO_ES,1,YES
120488,es,TRAIN-VIDEO_ES,0,NO
120489,es,TRAIN-VIDEO_ES,1,YES
120490,es,TRAIN-VIDEO_ES,1,YES
120491,es,TRAIN-VIDEO_ES,1,YES
120493,es,TRAIN-VIDEO_ES,1,YES
120494,es,TRAIN-VIDEO_ES,1,YES
120495,es,TRAIN-VIDEO_ES,1,YES
120496,es,TRAIN-VIDEO_ES,0,NO
120497,es,TRAIN-VIDEO_ES,1,YES
120498,es,TRAIN-VIDEO_ES,1,YES
120499,es,TRAIN-VIDEO_ES,1,YES
120500,es,TRAIN-VIDEO_ES,1,YES
120501,es,TRAIN-VIDEO_ES,1,YES
120503,es,TRAIN-VIDEO_ES,0,NO
120504,es,TRAIN-VIDEO_ES,0,NO
120505,es,TRAIN-VIDEO_ES,0,NO
120506,es,TRAIN-VIDEO_ES,0,NO
120507,es,TRAIN-VIDEO_ES,0,NO
120508,es,TRAIN-VIDEO_ES,0,NO
120509,es,TRAIN-VIDEO_ES,0,NO
120510,es,TRAIN-VIDEO_ES,0,NO
120511,es,TRAIN-VIDEO_ES,0,NO
120512,es,TRAIN-VIDEO_ES,0,NO
120513,es,TRAIN-VIDEO_ES,0,NO
120514,es,TRAIN-VIDEO_ES,1,YES
120515,es,TRAIN-VIDEO_ES,0,NO
120516,es,TRAIN-VIDEO_ES,1,YES
120517,es,TRAIN-VIDEO_ES,1,YES
120518,es,TRAIN-VIDEO_ES,1,YES
120520,es,TRAIN-VIDEO_ES,1,YES
120521,es,TRAIN-VIDEO_ES,1,YES
120522,es,TRAIN-VIDEO_ES,1,YES
120523,es,TRAIN-VIDEO_ES,1,YES
120524,es,TRAIN-VIDEO_ES,0,NO
120525,es,TRAIN-VIDEO_ES,0,NO
120526,es,TRAIN-VIDEO_ES,0,NO
120528,es,TRAIN-VIDEO_ES,0,NO
120529,es,TRAIN-VIDEO_ES,1,YES
120531,es,TRAIN-VIDEO_ES,1,YES
120532,es,TRAIN-VIDEO_ES,1,YES
120533,es,TRAIN-VIDEO_ES,0,NO
120534,es,TRAIN-VIDEO_ES,1,YES
120535,es,TRAIN-VIDEO_ES,0,NO
120536,es,TRAIN-VIDEO_ES,0,NO
120537,es,TRAIN-VIDEO_ES,1,YES
120538,es,TRAIN-VIDEO_ES,0,NO
120539,es,TRAIN-VIDEO_ES,0,NO
120540,es,TRAIN-VIDEO_ES,0,NO
120541,es,TRAIN-VIDEO_ES,1,YES
120542,es,TRAIN-VIDEO_ES,1,YES
120543,es,TRAIN-VIDEO_ES,1,YES
120544,es,TRAIN-VIDEO_ES,0,NO
120545,es,TRAIN-VIDEO_ES,0,NO
120547,es,TRAIN-VIDEO_ES,0,NO
120549,es,TRAIN-VIDEO_ES,0,NO
120552,es,TRAIN-VIDEO_ES,0,NO
120553,es,TRAIN-VIDEO_ES,0,NO
120554,es,TRAIN-VIDEO_ES,0,NO
120555,es,TRAIN-VIDEO_ES,0,NO
120556,es,TRAIN-VIDEO_ES,0,NO
120557,es,TRAIN-VIDEO_ES,0,NO
120559,es,TRAIN-VIDEO_ES,1,YES
120560,es,TRAIN-VIDEO_ES,1,YES
120562,es,TRAIN-VIDEO_ES,1,YES
120563,es,TRAIN-VIDEO_ES,1,YES
120564,es,TRAIN-VIDEO_ES,0,NO
120565,es,TRAIN-VIDEO_ES,0,NO
120567,es,TRAIN-VIDEO_ES,0,NO
120568,es,TRAIN-VIDEO_ES,1,YES
120569,es,TRAIN-VIDEO_ES,0,NO
120570,es,TRAIN-VIDEO_ES,1,YES
120571,es,TRAIN-VIDEO_ES,1,YES
120572,es,TRAIN-VIDEO_ES,0,NO
120573,es,TRAIN-VIDEO_ES,1,YES
120574,es,TRAIN-VIDEO_ES,0,NO
120575,es,TRAIN-VIDEO_ES,0,NO
120576,es,TRAIN-VIDEO_ES,0,NO
120578,es,TRAIN-VIDEO_ES,0,NO
120581,es,TRAIN-VIDEO_ES,0,NO
120582,es,TRAIN-VIDEO_ES,1,YES
120584,es,TRAIN-VIDEO_ES,0,NO
120585,es,TRAIN-VIDEO_ES,1,YES
120586,es,TRAIN-VIDEO_ES,0,NO
120587,es,TRAIN-VIDEO_ES,0,NO
120588,es,TRAIN-VIDEO_ES,0,NO
120590,es,TRAIN-VIDEO_ES,0,NO
120591,es,TRAIN-VIDEO_ES,0,NO
120594,es,TRAIN-VIDEO_ES,0,NO
120595,es,TRAIN-VIDEO_ES,1,YES
120596,es,TRAIN-VIDEO_ES,1,YES
120597,es,TRAIN-VIDEO_ES,1,YES
120599,es,TRAIN-VIDEO_ES,1,YES
120600,es,TRAIN-VIDEO_ES,0,NO
120601,es,TRAIN-VIDEO_ES,1,YES
120604,es,TRAIN-VIDEO_ES,0,NO
120605,es,TRAIN-VIDEO_ES,1,YES
120606,es,TRAIN-VIDEO_ES,0,NO
120608,es,TRAIN-VIDEO_ES,0,NO
120609,es,TRAIN-VIDEO_ES,0,NO
120610,es,TRAIN-VIDEO_ES,0,NO
120611,es,TRAIN-VIDEO_ES,0,NO
120612,es,TRAIN-VIDEO_ES,0,NO
120613,es,TRAIN-VIDEO_ES,0,NO
120614,es,TRAIN-VIDEO_ES,0,NO
120616,es,TRAIN-VIDEO_ES,0,NO
120617,es,TRAIN-VIDEO_ES,0,NO
120618,es,TRAIN-VIDEO_ES,1,YES
120619,es,TRAIN-VIDEO_ES,0,NO
120621,es,TRAIN-VIDEO_ES,0,NO
120622,es,TRAIN-VIDEO_ES,0,NO
120623,es,TRAIN-VIDEO_ES,0,NO
120624,es,TRAIN-VIDEO_ES,0,NO
120625,es,TRAIN-VIDEO_ES,0,NO
120626,es,TRAIN-VIDEO_ES,0,NO
120627,es,TRAIN-VIDEO_ES,0,NO
120628,es,TRAIN-VIDEO_ES,1,YES
120629,es,TRAIN-VIDEO_ES,0,NO
120630,es,TRAIN-VIDEO_ES,0,NO
120631,es,TRAIN-VIDEO_ES,0,NO
120632,es,TRAIN-VIDEO_ES,0,NO
120634,es,TRAIN-VIDEO_ES,0,NO
120635,es,TRAIN-VIDEO_ES,0,NO
120636,es,TRAIN-VIDEO_ES,1,YES
120637,es,TRAIN-VIDEO_ES,0,NO
120638,es,TRAIN-VIDEO_ES,1,YES
120639,es,TRAIN-VIDEO_ES,0,NO
120640,es,TRAIN-VIDEO_ES,1,YES
120641,es,TRAIN-VIDEO_ES,1,YES
120642,es,TRAIN-VIDEO_ES,0,NO
120644,es,TRAIN-VIDEO_ES,1,YES
120645,es,TRAIN-VIDEO_ES,0,NO
120646,es,TRAIN-VIDEO_ES,0,NO
120649,es,TRAIN-VIDEO_ES,0,NO
120653,es,TRAIN-VIDEO_ES,0,NO
120654,es,TRAIN-VIDEO_ES,0,NO
120657,es,TRAIN-VIDEO_ES,0,NO
120658,es,TRAIN-VIDEO_ES,0,NO
120659,es,TRAIN-VIDEO_ES,0,NO
120660,es,TRAIN-VIDEO_ES,0,NO
120661,es,TRAIN-VIDEO_ES,0,NO
120662,es,TRAIN-VIDEO_ES,0,NO
120664,es,TRAIN-VIDEO_ES,0,NO
120666,es,TRAIN-VIDEO_ES,0,NO
120667,es,TRAIN-VIDEO_ES,0,NO
120668,es,TRAIN-VIDEO_ES,0,NO
120669,es,TRAIN-VIDEO_ES,0,NO
120670,es,TRAIN-VIDEO_ES,1,YES
120671,es,TRAIN-VIDEO_ES,1,YES
120673,es,TRAIN-VIDEO_ES,1,YES
120675,es,TRAIN-VIDEO_ES,1,YES
120676,es,TRAIN-VIDEO_ES,1,YES
120677,es,TRAIN-VIDEO_ES,1,YES
120678,es,TRAIN-VIDEO_ES,0,NO
120681,es,TRAIN-VIDEO_ES,0,NO
120682,es,TRAIN-VIDEO_ES,0,NO
120683,es,TRAIN-VIDEO_ES,0,NO
120684,es,TRAIN-VIDEO_ES,0,NO
120685,es,TRAIN-VIDEO_ES,0,NO
120686,es,TRAIN-VIDEO_ES,0,NO
120687,es,TRAIN-VIDEO_ES,0,NO
120688,es,TRAIN-VIDEO_ES,0,NO
120689,es,TRAIN-VIDEO_ES,0,NO
120690,es,TRAIN-VIDEO_ES,0,NO
120692,es,TRAIN-VIDEO_ES,0,NO
120694,es,TRAIN-VIDEO_ES,1,YES
120695,es,TRAIN-VIDEO_ES,1,YES
120697,es,TRAIN-VIDEO_ES,0,NO
120698,es,TRAIN-VIDEO_ES,0,NO
120700,es,TRAIN-VIDEO_ES,1,YES
120701,es,TRAIN-VIDEO_ES,1,YES
120702,es,TRAIN-VIDEO_ES,1,YES
120704,es,TRAIN-VIDEO_ES,1,YES
120705,es,TRAIN-VIDEO_ES,0,NO
120707,es,TRAIN-VIDEO_ES,1,YES
120708,es,TRAIN-VIDEO_ES,0,NO
120709,es,TRAIN-VIDEO_ES,0,NO
120711,es,TRAIN-VIDEO_ES,1,YES
120712,es,TRAIN-VIDEO_ES,1,YES
120713,es,TRAIN-VIDEO_ES,1,YES
120714,es,TRAIN-VIDEO_ES,0,NO
120716,es,TRAIN-VIDEO_ES,0,NO
120717,es,TRAIN-VIDEO_ES,1,YES
120718,es,TRAIN-VIDEO_ES,1,YES
120719,es,TRAIN-VIDEO_ES,1,YES
120720,es,TRAIN-VIDEO_ES,0,NO
120721,es,TRAIN-VIDEO_ES,1,YES
120723,es,TRAIN-VIDEO_ES,0,NO
120724,es,TRAIN-VIDEO_ES,0,NO
120726,es,TRAIN-VIDEO_ES,0,NO
120727,es,TRAIN-VIDEO_ES,0,NO
120728,es,TRAIN-VIDEO_ES,1,YES
120729,es,TRAIN-VIDEO_ES,0,NO
120731,es,TRAIN-VIDEO_ES,0,NO
120732,es,TRAIN-VIDEO_ES,0,NO
120733,es,TRAIN-VIDEO_ES,0,NO
120734,es,TRAIN-VIDEO_ES,0,NO
120735,es,TRAIN-VIDEO_ES,0,NO
120736,es,TRAIN-VIDEO_ES,1,YES
120737,es,TRAIN-VIDEO_ES,1,YES
120739,es,TRAIN-VIDEO_ES,0,NO
120740,es,TRAIN-VIDEO_ES,1,YES
120741,es,TRAIN-VIDEO_ES,1,YES
120742,es,TRAIN-VIDEO_ES,0,NO
120744,es,TRAIN-VIDEO_ES,1,YES
120745,es,TRAIN-VIDEO_ES,0,NO
120746,es,TRAIN-VIDEO_ES,1,YES
120747,es,TRAIN-VIDEO_ES,1,YES
120748,es,TRAIN-VIDEO_ES,1,YES
120749,es,TRAIN-VIDEO_ES,1,YES
120751,es,TRAIN-VIDEO_ES,1,YES
120753,es,TRAIN-VIDEO_ES,1,YES
120754,es,TRAIN-VIDEO_ES,1,YES
120755,es,TRAIN-VIDEO_ES,1,YES
120756,es,TRAIN-VIDEO_ES,0,NO
120757,es,TRAIN-VIDEO_ES,1,YES
120759,es,TRAIN-VIDEO_ES,0,NO
120760,es,TRAIN-VIDEO_ES,0,NO
120761,es,TRAIN-VIDEO_ES,0,NO
120762,es,TRAIN-VIDEO_ES,0,NO
120763,es,TRAIN-VIDEO_ES,0,NO
120764,es,TRAIN-VIDEO_ES,0,NO
120765,es,TRAIN-VIDEO_ES,0,NO
120767,es,TRAIN-VIDEO_ES,0,NO
120768,es,TRAIN-VIDEO_ES,0,NO
120769,es,TRAIN-VIDEO_ES,1,YES
120770,es,TRAIN-VIDEO_ES,0,NO
120771,es,TRAIN-VIDEO_ES,1,YES
120772,es,TRAIN-VIDEO_ES,1,YES
120773,es,TRAIN-VIDEO_ES,1,YES
120774,es,TRAIN-VIDEO_ES,0,NO
120775,es,TRAIN-VIDEO_ES,1,YES
120776,es,TRAIN-VIDEO_ES,0,NO
120778,es,TRAIN-VIDEO_ES,0,NO
120779,es,TRAIN-VIDEO_ES,1,YES
120781,es,TRAIN-VIDEO_ES,0,NO
120782,es,TRAIN-VIDEO_ES,0,NO
120783,es,TRAIN-VIDEO_ES,0,NO
120786,es,TRAIN-VIDEO_ES,0,NO
120787,es,TRAIN-VIDEO_ES,1,YES
120788,es,TRAIN-VIDEO_ES,1,YES
120789,es,TRAIN-VIDEO_ES,0,NO
120790,es,TRAIN-VIDEO_ES,1,YES
120791,es,TRAIN-VIDEO_ES,1,YES
120792,es,TRAIN-VIDEO_ES,0,NO
120793,es,TRAIN-VIDEO_ES,1,YES
120794,es,TRAIN-VIDEO_ES,1,YES
120795,es,TRAIN-VIDEO_ES,1,YES
120796,es,TRAIN-VIDEO_ES,0,NO
120797,es,TRAIN-VIDEO_ES,1,YES
120798,es,TRAIN-VIDEO_ES,1,YES
120799,es,TRAIN-VIDEO_ES,0,NO
120800,es,TRAIN-VIDEO_ES,1,YES
120801,es,TRAIN-VIDEO_ES,0,NO
120802,es,TRAIN-VIDEO_ES,1,YES
120803,es,TRAIN-VIDEO_ES,0,NO
120804,es,TRAIN-VIDEO_ES,0,NO
120806,es,TRAIN-VIDEO_ES,0,NO
120810,es,TRAIN-VIDEO_ES,0,NO
120811,es,TRAIN-VIDEO_ES,1,YES
120812,es,TRAIN-VIDEO_ES,0,NO
120813,es,TRAIN-VIDEO_ES,1,YES
120814,es,TRAIN-VIDEO_ES,1,YES
120815,es,TRAIN-VIDEO_ES,0,NO
120816,es,TRAIN-VIDEO_ES,0,NO
120818,es,TRAIN-VIDEO_ES,1,YES
120819,es,TRAIN-VIDEO_ES,1,YES
120820,es,TRAIN-VIDEO_ES,1,YES
120821,es,TRAIN-VIDEO_ES,0,NO
120823,es,TRAIN-VIDEO_ES,0,NO
120824,es,TRAIN-VIDEO_ES,1,YES
120825,es,TRAIN-VIDEO_ES,1,YES
120826,es,TRAIN-VIDEO_ES,1,YES
120827,es,TRAIN-VIDEO_ES,0,NO
120828,es,TRAIN-VIDEO_ES,0,NO
120829,es,TRAIN-VIDEO_ES,0,NO
120830,es,TRAIN-VIDEO_ES,0,NO
120831,es,TRAIN-VIDEO_ES,0,NO
120832,es,TRAIN-VIDEO_ES,0,NO
120833,es,TRAIN-VIDEO_ES,0,NO
120834,es,TRAIN-VIDEO_ES,0,NO
120835,es,TRAIN-VIDEO_ES,0,NO
120836,es,TRAIN-VIDEO_ES,0,NO
120837,es,TRAIN-VIDEO_ES,1,YES
120839,es,TRAIN-VIDEO_ES,0,NO
120840,es,TRAIN-VIDEO_ES,1,YES
120841,es,TRAIN-VIDEO_ES,0,NO
120842,es,TRAIN-VIDEO_ES,1,YES
120844,es,TRAIN-VIDEO_ES,0,NO
120845,es,TRAIN-VIDEO_ES,0,NO
120846,es,TRAIN-VIDEO_ES,1,YES
120847,es,TRAIN-VIDEO_ES,1,YES
120849,es,TRAIN-VIDEO_ES,1,YES
120850,es,TRAIN-VIDEO_ES,0,NO
120851,es,TRAIN-VIDEO_ES,1,YES
120852,es,TRAIN-VIDEO_ES,1,YES
120853,es,TRAIN-VIDEO_ES,1,YES
120854,es,TRAIN-VIDEO_ES,1,YES
120856,es,TRAIN-VIDEO_ES,1,YES
120858,es,TRAIN-VIDEO_ES,0,NO
120859,es,TRAIN-VIDEO_ES,0,NO
120860,es,TRAIN-VIDEO_ES,0,NO
120861,es,TRAIN-VIDEO_ES,0,NO
120862,es,TRAIN-VIDEO_ES,0,NO
120863,es,TRAIN-VIDEO_ES,0,NO
120864,es,TRAIN-VIDEO_ES,0,NO
120865,es,TRAIN-VIDEO_ES,0,NO
120868,es,TRAIN-VIDEO_ES,1,YES
120869,es,TRAIN-VIDEO_ES,1,YES
120870,es,TRAIN-VIDEO_ES,0,NO
120872,es,TRAIN-VIDEO_ES,1,YES
120873,es,TRAIN-VIDEO_ES,1,YES
120874,es,TRAIN-VIDEO_ES,1,YES
120875,es,TRAIN-VIDEO_ES,1,YES
120876,es,TRAIN-VIDEO_ES,0,NO
120877,es,TRAIN-VIDEO_ES,1,YES
120878,es,TRAIN-VIDEO_ES,0,NO
120879,es,TRAIN-VIDEO_ES,1,YES
120880,es,TRAIN-VIDEO_ES,0,NO
120881,es,TRAIN-VIDEO_ES,1,YES
120882,es,TRAIN-VIDEO_ES,1,YES
120883,es,TRAIN-VIDEO_ES,1,YES
120884,es,TRAIN-VIDEO_ES,0,NO
120885,es,TRAIN-VIDEO_ES,0,NO
120886,es,TRAIN-VIDEO_ES,1,YES
120887,es,TRAIN-VIDEO_ES,1,YES
120888,es,TRAIN-VIDEO_ES,0,NO
120889,es,TRAIN-VIDEO_ES,0,NO
120890,es,TRAIN-VIDEO_ES,1,YES
120892,es,TRAIN-VIDEO_ES,1,YES
120895,es,TRAIN-VIDEO_ES,0,NO
120898,es,TRAIN-VIDEO_ES,1,YES
120901,es,TRAIN-VIDEO_ES,1,YES
120902,es,TRAIN-VIDEO_ES,0,NO
120903,es,TRAIN-VIDEO_ES,0,NO
120905,es,TRAIN-VIDEO_ES,1,YES
120906,es,TRAIN-VIDEO_ES,1,YES
120908,es,TRAIN-VIDEO_ES,0,NO
120909,es,TRAIN-VIDEO_ES,0,NO
120910,es,TRAIN-VIDEO_ES,1,YES
120911,es,TRAIN-VIDEO_ES,1,YES
120912,es,TRAIN-VIDEO_ES,1,YES
120913,es,TRAIN-VIDEO_ES,0,NO
120914,es,TRAIN-VIDEO_ES,1,YES
120915,es,TRAIN-VIDEO_ES,0,NO
120916,es,TRAIN-VIDEO_ES,1,YES
120917,es,TRAIN-VIDEO_ES,0,NO
120918,es,TRAIN-VIDEO_ES,0,NO
120919,es,TRAIN-VIDEO_ES,1,YES
120920,es,TRAIN-VIDEO_ES,1,YES
120921,es,TRAIN-VIDEO_ES,0,NO
120924,es,TRAIN-VIDEO_ES,1,YES
120927,es,TRAIN-VIDEO_ES,1,YES
120928,es,TRAIN-VIDEO_ES,0,NO
120930,es,TRAIN-VIDEO_ES,1,YES
120931,es,TRAIN-VIDEO_ES,1,YES
120932,es,TRAIN-VIDEO_ES,0,NO
120935,es,TRAIN-VIDEO_ES,1,YES
120936,es,TRAIN-VIDEO_ES,1,YES
120937,es,TRAIN-VIDEO_ES,0,NO
120938,es,TRAIN-VIDEO_ES,1,YES
120939,es,TRAIN-VIDEO_ES,1,YES
120940,es,TRAIN-VIDEO_ES,1,YES
120941,es,TRAIN-VIDEO_ES,1,YES
120942,es,TRAIN-VIDEO_ES,1,YES
120943,es,TRAIN-VIDEO_ES,1,YES
120944,es,TRAIN-VIDEO_ES,1,YES
120946,es,TRAIN-VIDEO_ES,1,YES
120947,es,TRAIN-VIDEO_ES,1,YES
120948,es,TRAIN-VIDEO_ES,1,YES
120949,es,TRAIN-VIDEO_ES,1,YES
120950,es,TRAIN-VIDEO_ES,1,YES
120952,es,TRAIN-VIDEO_ES,1,YES
120953,es,TRAIN-VIDEO_ES,1,YES
120954,es,TRAIN-VIDEO_ES,1,YES
120955,es,TRAIN-VIDEO_ES,1,YES
120956,es,TRAIN-VIDEO_ES,1,YES
120957,es,TRAIN-VIDEO_ES,1,YES
120958,es,TRAIN-VIDEO_ES,1,YES
120959,es,TRAIN-VIDEO_ES,1,YES
120960,es,TRAIN-VIDEO_ES,1,YES
120961,es,TRAIN-VIDEO_ES,1,YES
120962,es,TRAIN-VIDEO_ES,1,YES
120963,es,TRAIN-VIDEO_ES,1,YES
120964,es,TRAIN-VIDEO_ES,1,YES
120965,es,TRAIN-VIDEO_ES,1,YES
120966,es,TRAIN-VIDEO_ES,0,NO
120967,es,TRAIN-VIDEO_ES,1,YES
120970,es,TRAIN-VIDEO_ES,0,NO
120971,es,TRAIN-VIDEO_ES,1,YES
120973,es,TRAIN-VIDEO_ES,1,YES
120974,es,TRAIN-VIDEO_ES,0,NO
120975,es,TRAIN-VIDEO_ES,0,NO
120976,es,TRAIN-VIDEO_ES,1,YES
120978,es,TRAIN-VIDEO_ES,0,NO
120979,es,TRAIN-VIDEO_ES,0,NO
120980,es,TRAIN-VIDEO_ES,1,YES
120982,es,TRAIN-VIDEO_ES,1,YES
120983,es,TRAIN-VIDEO_ES,0,NO
120984,es,TRAIN-VIDEO_ES,1,YES
120986,es,TRAIN-VIDEO_ES,1,YES
120987,es,TRAIN-VIDEO_ES,0,NO
120988,es,TRAIN-VIDEO_ES,1,YES
120989,es,TRAIN-VIDEO_ES,1,YES
120991,es,TRAIN-VIDEO_ES,0,NO
120992,es,TRAIN-VIDEO_ES,0,NO
120993,es,TRAIN-VIDEO_ES,0,NO
120994,es,TRAIN-VIDEO_ES,0,NO
120995,es,TRAIN-VIDEO_ES,1,YES
120996,es,TRAIN-VIDEO_ES,1,YES
120998,es,TRAIN-VIDEO_ES,0,NO
120999,es,TRAIN-VIDEO_ES,0,NO
121000,es,TRAIN-VIDEO_ES,1,YES
121001,es,TRAIN-VIDEO_ES,1,YES
121002,es,TRAIN-VIDEO_ES,1,YES
121003,es,TRAIN-VIDEO_ES,1,YES
121005,es,TRAIN-VIDEO_ES,1,YES
121006,es,TRAIN-VIDEO_ES,1,YES
121007,es,TRAIN-VIDEO_ES,0,NO
121009,es,TRAIN-VIDEO_ES,1,YES
121010,es,TRAIN-VIDEO_ES,1,YES
121012,es,TRAIN-VIDEO_ES,1,YES
121014,es,TRAIN-VIDEO_ES,1,YES
121018,es,TRAIN-VIDEO_ES,0,NO
121019,es,TRAIN-VIDEO_ES,0,NO
121020,es,TRAIN-VIDEO_ES,1,YES
121023,es,TRAIN-VIDEO_ES,1,YES
121024,es,TRAIN-VIDEO_ES,0,NO
121025,es,TRAIN-VIDEO_ES,0,NO
121026,es,TRAIN-VIDEO_ES,0,NO
121027,es,TRAIN-VIDEO_ES,0,NO
121028,es,TRAIN-VIDEO_ES,0,NO
121029,es,TRAIN-VIDEO_ES,0,NO
121030,es,TRAIN-VIDEO_ES,0,NO
121031,es,TRAIN-VIDEO_ES,0,NO
121032,es,TRAIN-VIDEO_ES,0,NO
121033,es,TRAIN-VIDEO_ES,0,NO
121034,es,TRAIN-VIDEO_ES,0,NO
121035,es,TRAIN-VIDEO_ES,0,NO
121036,es,TRAIN-VIDEO_ES,0,NO
121037,es,TRAIN-VIDEO_ES,0,NO
121038,es,TRAIN-VIDEO_ES,0,NO
121041,es,TRAIN-VIDEO_ES,1,YES
121042,es,TRAIN-VIDEO_ES,1,YES
121043,es,TRAIN-VIDEO_ES,1,YES
121044,es,TRAIN-VIDEO_ES,1,YES
121045,es,TRAIN-VIDEO_ES,1,YES
121047,es,TRAIN-VIDEO_ES,0,NO
121048,es,TRAIN-VIDEO_ES,1,YES
121049,es,TRAIN-VIDEO_ES,0,NO
121050,es,TRAIN-VIDEO_ES,1,YES
121051,es,TRAIN-VIDEO_ES,1,YES
121052,es,TRAIN-VIDEO_ES,1,YES
121054,es,TRAIN-VIDEO_ES,1,YES
121055,es,TRAIN-VIDEO_ES,1,YES
121056,es,TRAIN-VIDEO_ES,0,NO
121057,es,TRAIN-VIDEO_ES,0,NO
121058,es,TRAIN-VIDEO_ES,0,NO
121059,es,TRAIN-VIDEO_ES,0,NO
121060,es,TRAIN-VIDEO_ES,0,NO
121061,es,TRAIN-VIDEO_ES,1,YES
121062,es,TRAIN-VIDEO_ES,1,YES
121063,es,TRAIN-VIDEO_ES,1,YES
121064,es,TRAIN-VIDEO_ES,0,NO
121067,es,TRAIN-VIDEO_ES,1,YES
121068,es,TRAIN-VIDEO_ES,0,NO
121069,es,TRAIN-VIDEO_ES,0,NO
121071,es,TRAIN-VIDEO_ES,1,YES
121073,es,TRAIN-VIDEO_ES,0,NO
121074,es,TRAIN-VIDEO_ES,1,YES
121077,es,TRAIN-VIDEO_ES,1,YES
121078,es,TRAIN-VIDEO_ES,0,NO
121079,es,TRAIN-VIDEO_ES,1,YES
121080,es,TRAIN-VIDEO_ES,1,YES
121081,es,TRAIN-VIDEO_ES,1,YES
121082,es,TRAIN-VIDEO_ES,1,YES
121083,es,TRAIN-VIDEO_ES,0,NO
121085,es,TRAIN-VIDEO_ES,1,YES
121086,es,TRAIN-VIDEO_ES,0,NO
121087,es,TRAIN-VIDEO_ES,1,YES
121089,es,TRAIN-VIDEO_ES,1,YES
121092,es,TRAIN-VIDEO_ES,1,YES
121093,es,TRAIN-VIDEO_ES,1,YES
121094,es,TRAIN-VIDEO_ES,1,YES
121095,es,TRAIN-VIDEO_ES,1,YES
121096,es,TRAIN-VIDEO_ES,1,YES
121097,es,TRAIN-VIDEO_ES,1,YES
121098,es,TRAIN-VIDEO_ES,0,NO
121099,es,TRAIN-VIDEO_ES,0,NO
121100,es,TRAIN-VIDEO_ES,0,NO
121101,es,TRAIN-VIDEO_ES,1,YES
121102,es,TRAIN-VIDEO_ES,0,NO
121103,es,TRAIN-VIDEO_ES,1,YES
121104,es,TRAIN-VIDEO_ES,1,YES
121105,es,TRAIN-VIDEO_ES,1,YES
121106,es,TRAIN-VIDEO_ES,1,YES
121109,es,TRAIN-VIDEO_ES,0,NO
121110,es,TRAIN-VIDEO_ES,0,NO
121111,es,TRAIN-VIDEO_ES,0,NO
121112,es,TRAIN-VIDEO_ES,0,NO
121113,es,TRAIN-VIDEO_ES,1,YES
121114,es,TRAIN-VIDEO_ES,0,NO
121115,es,TRAIN-VIDEO_ES,1,YES
121117,es,TRAIN-VIDEO_ES,1,YES
121118,es,TRAIN-VIDEO_ES,1,YES
121119,es,TRAIN-VIDEO_ES,1,YES
121120,es,TRAIN-VIDEO_ES,0,NO
121121,es,TRAIN-VIDEO_ES,1,YES
121122,es,TRAIN-VIDEO_ES,1,YES
121123,es,TRAIN-VIDEO_ES,1,YES
121124,es,TRAIN-VIDEO_ES,1,YES
121125,es,TRAIN-VIDEO_ES,0,NO
121126,es,TRAIN-VIDEO_ES,1,YES
121127,es,TRAIN-VIDEO_ES,0,NO
121128,es,TRAIN-VIDEO_ES,1,YES
121129,es,TRAIN-VIDEO_ES,1,YES
121130,es,TRAIN-VIDEO_ES,1,YES
121131,es,TRAIN-VIDEO_ES,1,YES
121132,es,TRAIN-VIDEO_ES,1,YES
121134,es,TRAIN-VIDEO_ES,1,YES
121135,es,TRAIN-VIDEO_ES,0,NO
121138,es,TRAIN-VIDEO_ES,1,YES
121140,es,TRAIN-VIDEO_ES,0,NO
121141,es,TRAIN-VIDEO_ES,1,YES
121142,es,TRAIN-VIDEO_ES,0,NO
121143,es,TRAIN-VIDEO_ES,0,NO
121145,es,TRAIN-VIDEO_ES,1,YES
121146,es,TRAIN-VIDEO_ES,1,YES
121148,es,TRAIN-VIDEO_ES,1,YES
121150,es,TRAIN-VIDEO_ES,0,NO
121151,es,TRAIN-VIDEO_ES,0,NO
121152,es,TRAIN-VIDEO_ES,0,NO
121153,es,TRAIN-VIDEO_ES,1,YES
121154,es,TRAIN-VIDEO_ES,1,YES
121155,es,TRAIN-VIDEO_ES,0,NO
121156,es,TRAIN-VIDEO_ES,0,NO
121157,es,TRAIN-VIDEO_ES,0,NO
121158,es,TRAIN-VIDEO_ES,0,NO
121160,es,TRAIN-VIDEO_ES,0,NO
121161,es,TRAIN-VIDEO_ES,1,YES
121162,es,TRAIN-VIDEO_ES,1,YES
121163,es,TRAIN-VIDEO_ES,1,YES
121164,es,TRAIN-VIDEO_ES,1,YES
121167,es,TRAIN-VIDEO_ES,1,YES
121169,es,TRAIN-VIDEO_ES,1,YES
121170,es,TRAIN-VIDEO_ES,1,YES
121174,es,TRAIN-VIDEO_ES,0,NO
121175,es,TRAIN-VIDEO_ES,1,YES
121176,es,TRAIN-VIDEO_ES,1,YES
121177,es,TRAIN-VIDEO_ES,0,NO
121178,es,TRAIN-VIDEO_ES,0,NO
121180,es,TRAIN-VIDEO_ES,0,NO
121181,es,TRAIN-VIDEO_ES,1,YES
121182,es,TRAIN-VIDEO_ES,1,YES
121183,es,TRAIN-VIDEO_ES,1,YES
121184,es,TRAIN-VIDEO_ES,1,YES
121185,es,TRAIN-VIDEO_ES,0,NO
121186,es,TRAIN-VIDEO_ES,1,YES
121187,es,TRAIN-VIDEO_ES,0,NO
121189,es,TRAIN-VIDEO_ES,1,YES
121190,es,TRAIN-VIDEO_ES,0,NO
121191,es,TRAIN-VIDEO_ES,1,YES
121193,es,TRAIN-VIDEO_ES,1,YES
121194,es,TRAIN-VIDEO_ES,1,YES
121196,es,TRAIN-VIDEO_ES,0,NO
121197,es,TRAIN-VIDEO_ES,0,NO
121198,es,TRAIN-VIDEO_ES,1,YES
121199,es,TRAIN-VIDEO_ES,0,NO
121200,es,TRAIN-VIDEO_ES,1,YES
121201,es,TRAIN-VIDEO_ES,1,YES
121202,es,TRAIN-VIDEO_ES,0,NO
121203,es,TRAIN-VIDEO_ES,0,NO
121204,es,TRAIN-VIDEO_ES,0,NO
121205,es,TRAIN-VIDEO_ES,1,YES
121206,es,TRAIN-VIDEO_ES,0,NO
121207,es,TRAIN-VIDEO_ES,0,NO
121208,es,TRAIN-VIDEO_ES,0,NO
121209,es,TRAIN-VIDEO_ES,1,YES
121210,es,TRAIN-VIDEO_ES,0,NO
121211,es,TRAIN-VIDEO_ES,0,NO
121213,es,TRAIN-VIDEO_ES,1,YES
121214,es,TRAIN-VIDEO_ES,0,NO
121215,es,TRAIN-VIDEO_ES,0,NO
121216,es,TRAIN-VIDEO_ES,1,YES
121217,es,TRAIN-VIDEO_ES,1,YES
121218,es,TRAIN-VIDEO_ES,0,NO
121219,es,TRAIN-VIDEO_ES,1,YES
121220,es,TRAIN-VIDEO_ES,0,NO
121221,es,TRAIN-VIDEO_ES,0,NO
121223,es,TRAIN-VIDEO_ES,0,NO
121224,es,TRAIN-VIDEO_ES,0,NO
121225,es,TRAIN-VIDEO_ES,0,NO
121227,es,TRAIN-VIDEO_ES,0,NO
121228,es,TRAIN-VIDEO_ES,1,YES
121229,es,TRAIN-VIDEO_ES,0,NO
121230,es,TRAIN-VIDEO_ES,0,NO
121233,es,TRAIN-VIDEO_ES,1,YES
121235,es,TRAIN-VIDEO_ES,0,NO
121237,es,TRAIN-VIDEO_ES,0,NO
121238,es,TRAIN-VIDEO_ES,0,NO
121240,es,TRAIN-VIDEO_ES,0,NO
121241,es,TRAIN-VIDEO_ES,1,YES
121243,es,TRAIN-VIDEO_ES,1,YES
121244,es,TRAIN-VIDEO_ES,1,YES
121245,es,TRAIN-VIDEO_ES,1,YES
121246,es,TRAIN-VIDEO_ES,0,NO
121247,es,TRAIN-VIDEO_ES,0,NO
121248,es,TRAIN-VIDEO_ES,0,NO
121249,es,TRAIN-VIDEO_ES,0,NO
121250,es,TRAIN-VIDEO_ES,0,NO
121252,es,TRAIN-VIDEO_ES,0,NO
121254,es,TRAIN-VIDEO_ES,0,NO
121255,es,TRAIN-VIDEO_ES,0,NO
121256,es,TRAIN-VIDEO_ES,0,NO
121257,es,TRAIN-VIDEO_ES,0,NO
121258,es,TRAIN-VIDEO_ES,0,NO
121259,es,TRAIN-VIDEO_ES,0,NO
121260,es,TRAIN-VIDEO_ES,0,NO
121261,es,TRAIN-VIDEO_ES,0,NO
121263,es,TRAIN-VIDEO_ES,0,NO
121264,es,TRAIN-VIDEO_ES,0,NO
121266,es,TRAIN-VIDEO_ES,0,NO
121267,es,TRAIN-VIDEO_ES,0,NO
121268,es,TRAIN-VIDEO_ES,0,NO
121269,es,TRAIN-VIDEO_ES,1,YES
121271,es,TRAIN-VIDEO_ES,1,YES
121272,es,TRAIN-VIDEO_ES,1,YES
121274,es,TRAIN-VIDEO_ES,0,NO
121276,es,TRAIN-VIDEO_ES,1,YES
121277,es,TRAIN-VIDEO_ES,1,YES
121278,es,TRAIN-VIDEO_ES,1,YES
121279,es,TRAIN-VIDEO_ES,1,YES
121280,es,TRAIN-VIDEO_ES,1,YES
121281,es,TRAIN-VIDEO_ES,0,NO
121282,es,TRAIN-VIDEO_ES,1,YES
121284,es,TRAIN-VIDEO_ES,0,NO
121286,es,TRAIN-VIDEO_ES,1,YES
121287,es,TRAIN-VIDEO_ES,1,YES
121288,es,TRAIN-VIDEO_ES,0,NO
121289,es,TRAIN-VIDEO_ES,0,NO
121290,es,TRAIN-VIDEO_ES,0,NO
121291,es,TRAIN-VIDEO_ES,0,NO
121293,es,TRAIN-VIDEO_ES,0,NO
121295,es,TRAIN-VIDEO_ES,0,NO
121296,es,TRAIN-VIDEO_ES,1,YES
121298,es,TRAIN-VIDEO_ES,0,NO
121299,es,TRAIN-VIDEO_ES,1,YES
121300,es,TRAIN-VIDEO_ES,0,NO
121301,es,TRAIN-VIDEO_ES,0,NO
121305,es,TRAIN-VIDEO_ES,1,YES
121306,es,TRAIN-VIDEO_ES,0,NO
121307,es,TRAIN-VIDEO_ES,1,YES
121308,es,TRAIN-VIDEO_ES,0,NO
121309,es,TRAIN-VIDEO_ES,0,NO
121310,es,TRAIN-VIDEO_ES,1,YES
121311,es,TRAIN-VIDEO_ES,0,NO
121313,es,TRAIN-VIDEO_ES,1,YES
121315,es,TRAIN-VIDEO_ES,0,NO
121318,es,TRAIN-VIDEO_ES,1,YES
121320,es,TRAIN-VIDEO_ES,1,YES
121321,es,TRAIN-VIDEO_ES,1,YES
121322,es,TRAIN-VIDEO_ES,1,YES
121323,es,TRAIN-VIDEO_ES,1,YES
121324,es,TRAIN-VIDEO_ES,1,YES
121325,es,TRAIN-VIDEO_ES,1,YES
121326,es,TRAIN-VIDEO_ES,1,YES
121327,es,TRAIN-VIDEO_ES,0,NO
121329,es,TRAIN-VIDEO_ES,1,YES
121331,es,TRAIN-VIDEO_ES,1,YES
121332,es,TRAIN-VIDEO_ES,1,YES
121334,es,TRAIN-VIDEO_ES,1,YES
121335,es,TRAIN-VIDEO_ES,1,YES
121336,es,TRAIN-VIDEO_ES,0,NO
121337,es,TRAIN-VIDEO_ES,1,YES
121338,es,TRAIN-VIDEO_ES,1,YES
121341,es,TRAIN-VIDEO_ES,1,YES
121342,es,TRAIN-VIDEO_ES,1,YES
121343,es,TRAIN-VIDEO_ES,1,YES
121344,es,TRAIN-VIDEO_ES,1,YES
121346,es,TRAIN-VIDEO_ES,0,NO
121347,es,TRAIN-VIDEO_ES,0,NO
121348,es,TRAIN-VIDEO_ES,1,YES
121349,es,TRAIN-VIDEO_ES,1,YES
121350,es,TRAIN-VIDEO_ES,0,NO
121351,es,TRAIN-VIDEO_ES,1,YES
121354,es,TRAIN-VIDEO_ES,0,NO
121355,es,TRAIN-VIDEO_ES,0,NO
121356,es,TRAIN-VIDEO_ES,1,YES
121357,es,TRAIN-VIDEO_ES,0,NO
121359,es,TRAIN-VIDEO_ES,0,NO
121361,es,TRAIN-VIDEO_ES,1,YES
121362,es,TRAIN-VIDEO_ES,0,NO
121365,es,TRAIN-VIDEO_ES,1,YES
121366,es,TRAIN-VIDEO_ES,1,YES
121367,es,TRAIN-VIDEO_ES,0,NO
121368,es,TRAIN-VIDEO_ES,1,YES
121369,es,TRAIN-VIDEO_ES,1,YES
121370,es,TRAIN-VIDEO_ES,1,YES
121371,es,TRAIN-VIDEO_ES,0,NO
121372,es,TRAIN-VIDEO_ES,1,YES
121374,es,TRAIN-VIDEO_ES,1,YES
121375,es,TRAIN-VIDEO_ES,1,YES
121376,es,TRAIN-VIDEO_ES,1,YES
121378,es,TRAIN-VIDEO_ES,0,NO
121379,es,TRAIN-VIDEO_ES,0,NO
121380,es,TRAIN-VIDEO_ES,1,YES
121381,es,TRAIN-VIDEO_ES,1,YES
121382,es,TRAIN-VIDEO_ES,1,YES
121383,es,TRAIN-VIDEO_ES,0,NO
121384,es,TRAIN-VIDEO_ES,0,NO
121385,es,TRAIN-VIDEO_ES,0,NO
121386,es,TRAIN-VIDEO_ES,1,YES
121387,es,TRAIN-VIDEO_ES,1,YES
121389,es,TRAIN-VIDEO_ES,1,YES
121390,es,TRAIN-VIDEO_ES,0,NO
121392,es,TRAIN-VIDEO_ES,0,NO
121393,es,TRAIN-VIDEO_ES,1,YES
121394,es,TRAIN-VIDEO_ES,0,NO
121395,es,TRAIN-VIDEO_ES,0,NO
121396,es,TRAIN-VIDEO_ES,0,NO
121397,es,TRAIN-VIDEO_ES,0,NO
121398,es,TRAIN-VIDEO_ES,1,YES
121399,es,TRAIN-VIDEO_ES,1,YES
121401,es,TRAIN-VIDEO_ES,1,YES
121402,es,TRAIN-VIDEO_ES,0,NO
121403,es,TRAIN-VIDEO_ES,0,NO
121404,es,TRAIN-VIDEO_ES,0,NO
121405,es,TRAIN-VIDEO_ES,1,YES
121406,es,TRAIN-VIDEO_ES,1,YES
121407,es,TRAIN-VIDEO_ES,1,YES
121408,es,TRAIN-VIDEO_ES,1,YES
121409,es,TRAIN-VIDEO_ES,0,NO
121410,es,TRAIN-VIDEO_ES,1,YES
121411,es,TRAIN-VIDEO_ES,1,YES
121413,es,TRAIN-VIDEO_ES,1,YES
121414,es,TRAIN-VIDEO_ES,0,NO
121415,es,TRAIN-VIDEO_ES,0,NO
121416,es,TRAIN-VIDEO_ES,1,YES
121418,es,TRAIN-VIDEO_ES,1,YES
121419,es,TRAIN-VIDEO_ES,0,NO
121420,es,TRAIN-VIDEO_ES,0,NO
121421,es,TRAIN-VIDEO_ES,0,NO
121422,es,TRAIN-VIDEO_ES,1,YES
121423,es,TRAIN-VIDEO_ES,0,NO
121425,es,TRAIN-VIDEO_ES,0,NO
121426,es,TRAIN-VIDEO_ES,1,YES
121427,es,TRAIN-VIDEO_ES,1,YES
121428,es,TRAIN-VIDEO_ES,0,NO
121429,es,TRAIN-VIDEO_ES,1,YES
121430,es,TRAIN-VIDEO_ES,1,YES
121431,es,TRAIN-VIDEO_ES,1,YES
121433,es,TRAIN-VIDEO_ES,0,NO
121434,es,TRAIN-VIDEO_ES,1,YES
121437,es,TRAIN-VIDEO_ES,0,NO
121438,es,TRAIN-VIDEO_ES,0,NO
121439,es,TRAIN-VIDEO_ES,0,NO
121440,es,TRAIN-VIDEO_ES,0,NO
121441,es,TRAIN-VIDEO_ES,0,NO
121444,es,TRAIN-VIDEO_ES,0,NO
121447,es,TRAIN-VIDEO_ES,0,NO
121448,es,TRAIN-VIDEO_ES,0,NO
121449,es,TRAIN-VIDEO_ES,0,NO
121450,es,TRAIN-VIDEO_ES,0,NO
121452,es,TRAIN-VIDEO_ES,0,NO
121453,es,TRAIN-VIDEO_ES,0,NO
121454,es,TRAIN-VIDEO_ES,0,NO
121455,es,TRAIN-VIDEO_ES,0,NO
121456,es,TRAIN-VIDEO_ES,0,NO
121457,es,TRAIN-VIDEO_ES,0,NO
121458,es,TRAIN-VIDEO_ES,0,NO
121459,es,TRAIN-VIDEO_ES,0,NO
121462,es,TRAIN-VIDEO_ES,1,YES
121463,es,TRAIN-VIDEO_ES,0,NO
121464,es,TRAIN-VIDEO_ES,0,NO
121465,es,TRAIN-VIDEO_ES,0,NO
121466,es,TRAIN-VIDEO_ES,0,NO
121467,es,TRAIN-VIDEO_ES,0,NO
121468,es,TRAIN-VIDEO_ES,0,NO
121469,es,TRAIN-VIDEO_ES,0,NO
121470,es,TRAIN-VIDEO_ES,0,NO
121471,es,TRAIN-VIDEO_ES,0,NO
121473,es,TRAIN-VIDEO_ES,0,NO
121475,es,TRAIN-VIDEO_ES,0,NO
121476,es,TRAIN-VIDEO_ES,0,NO
121478,es,TRAIN-VIDEO_ES,0,NO
121479,es,TRAIN-VIDEO_ES,0,NO
121480,es,TRAIN-VIDEO_ES,0,NO
121481,es,TRAIN-VIDEO_ES,0,NO
121482,es,TRAIN-VIDEO_ES,1,YES
121483,es,TRAIN-VIDEO_ES,1,YES
121484,es,TRAIN-VIDEO_ES,0,NO
121485,es,TRAIN-VIDEO_ES,0,NO
121486,es,TRAIN-VIDEO_ES,0,NO
121487,es,TRAIN-VIDEO_ES,0,NO
121488,es,TRAIN-VIDEO_ES,0,NO
121489,es,TRAIN-VIDEO_ES,1,YES
121490,es,TRAIN-VIDEO_ES,1,YES
121491,es,TRAIN-VIDEO_ES,0,NO
121492,es,TRAIN-VIDEO_ES,0,NO
121493,es,TRAIN-VIDEO_ES,0,NO
121494,es,TRAIN-VIDEO_ES,0,NO
121495,es,TRAIN-VIDEO_ES,0,NO
121496,es,TRAIN-VIDEO_ES,0,NO
121497,es,TRAIN-VIDEO_ES,0,NO
121498,es,TRAIN-VIDEO_ES,0,NO
121499,es,TRAIN-VIDEO_ES,0,NO
121500,es,TRAIN-VIDEO_ES,0,NO
121501,es,TRAIN-VIDEO_ES,1,YES
121502,es,TRAIN-VIDEO_ES,1,YES
121503,es,TRAIN-VIDEO_ES,1,YES
121504,es,TRAIN-VIDEO_ES,1,YES
121505,es,TRAIN-VIDEO_ES,0,NO
121506,es,TRAIN-VIDEO_ES,1,YES
121507,es,TRAIN-VIDEO_ES,0,NO
121508,es,TRAIN-VIDEO_ES,1,YES
121511,es,TRAIN-VIDEO_ES,0,NO
121513,es,TRAIN-VIDEO_ES,1,YES
121514,es,TRAIN-VIDEO_ES,1,YES
121516,es,TRAIN-VIDEO_ES,1,YES
121517,es,TRAIN-VIDEO_ES,1,YES
121518,es,TRAIN-VIDEO_ES,0,NO
121519,es,TRAIN-VIDEO_ES,1,YES
121521,es,TRAIN-VIDEO_ES,0,NO
121522,es,TRAIN-VIDEO_ES,1,YES
121524,es,TRAIN-VIDEO_ES,0,NO
220001,en,TRAIN-VIDEO_EN,0,NO
220002,en,TRAIN-VIDEO_EN,1,YES
220004,en,TRAIN-VIDEO_EN,0,NO
220005,en,TRAIN-VIDEO_EN,0,NO
220006,en,TRAIN-VIDEO_EN,0,NO
220007,en,TRAIN-VIDEO_EN,0,NO
220008,en,TRAIN-VIDEO_EN,0,NO
220009,en,TRAIN-VIDEO_EN,0,NO
220010,en,TRAIN-VIDEO_EN,1,YES
220012,en,TRAIN-VIDEO_EN,1,YES
220013,en,TRAIN-VIDEO_EN,0,NO
220016,en,TRAIN-VIDEO_EN,0,NO
220017,en,TRAIN-VIDEO_EN,0,NO
220018,en,TRAIN-VIDEO_EN,0,NO
220019,en,TRAIN-VIDEO_EN,0,NO
220020,en,TRAIN-VIDEO_EN,0,NO
220021,en,TRAIN-VIDEO_EN,0,NO
220022,en,TRAIN-VIDEO_EN,0,NO
220024,en,TRAIN-VIDEO_EN,1,YES
220026,en,TRAIN-VIDEO_EN,0,NO
220027,en,TRAIN-VIDEO_EN,0,NO
220028,en,TRAIN-VIDEO_EN,1,YES
220029,en,TRAIN-VIDEO_EN,0,NO
220030,en,TRAIN-VIDEO_EN,1,YES
220031,en,TRAIN-VIDEO_EN,1,YES
220033,en,TRAIN-VIDEO_EN,0,NO
220034,en,TRAIN-VIDEO_EN,0,NO
220035,en,TRAIN-VIDEO_EN,1,YES
220036,en,TRAIN-VIDEO_EN,1,YES
220037,en,TRAIN-VIDEO_EN,1,YES
220038,en,TRAIN-VIDEO_EN,0,NO
220039,en,TRAIN-VIDEO_EN,0,NO
220040,en,TRAIN-VIDEO_EN,0,NO
220041,en,TRAIN-VIDEO_EN,1,YES
220042,en,TRAIN-VIDEO_EN,1,YES
220043,en,TRAIN-VIDEO_EN,1,YES
220044,en,TRAIN-VIDEO_EN,1,YES
220045,en,TRAIN-VIDEO_EN,0,NO
220047,en,TRAIN-VIDEO_EN,1,YES
220048,en,TRAIN-VIDEO_EN,1,YES
220049,en,TRAIN-VIDEO_EN,1,YES
220050,en,TRAIN-VIDEO_EN,0,NO
220051,en,TRAIN-VIDEO_EN,1,YES
220052,en,TRAIN-VIDEO_EN,1,YES
220053,en,TRAIN-VIDEO_EN,0,NO
220055,en,TRAIN-VIDEO_EN,0,NO
220058,en,TRAIN-VIDEO_EN,1,YES
220059,en,TRAIN-VIDEO_EN,1,YES
220060,en,TRAIN-VIDEO_EN,1,YES
220062,en,TRAIN-VIDEO_EN,1,YES
220063,en,TRAIN-VIDEO_EN,0,NO
220065,en,TRAIN-VIDEO_EN,0,NO
220066,en,TRAIN-VIDEO_EN,1,YES
220068,en,TRAIN-VIDEO_EN,0,NO
220070,en,TRAIN-VIDEO_EN,1,YES
220074,en,TRAIN-VIDEO_EN,1,YES
220075,en,TRAIN-VIDEO_EN,1,YES
220076,en,TRAIN-VIDEO_EN,0,NO
220077,en,TRAIN-VIDEO_EN,0,NO
220078,en,TRAIN-VIDEO_EN,0,NO
220079,en,TRAIN-VIDEO_EN,0,NO
220080,en,TRAIN-VIDEO_EN,0,NO
220081,en,TRAIN-VIDEO_EN,0,NO
220083,en,TRAIN-VIDEO_EN,1,YES
220084,en,TRAIN-VIDEO_EN,1,YES
220085,en,TRAIN-VIDEO_EN,0,NO
220086,en,TRAIN-VIDEO_EN,0,NO
220087,en,TRAIN-VIDEO_EN,1,YES
220090,en,TRAIN-VIDEO_EN,0,NO
220091,en,TRAIN-VIDEO_EN,0,NO
220092,en,TRAIN-VIDEO_EN,0,NO
220093,en,TRAIN-VIDEO_EN,0,NO
220095,en,TRAIN-VIDEO_EN,1,YES
220096,en,TRAIN-VIDEO_EN,1,YES
220097,en,TRAIN-VIDEO_EN,0,NO
220099,en,TRAIN-VIDEO_EN,0,NO
220100,en,TRAIN-VIDEO_EN,1,YES
220102,en,TRAIN-VIDEO_EN,1,YES
220104,en,TRAIN-VIDEO_EN,0,NO
220106,en,TRAIN-VIDEO_EN,0,NO
220107,en,TRAIN-VIDEO_EN,0,NO
220109,en,TRAIN-VIDEO_EN,0,NO
220110,en,TRAIN-VIDEO_EN,1,YES
220111,en,TRAIN-VIDEO_EN,1,YES
220112,en,TRAIN-VIDEO_EN,1,YES
220113,en,TRAIN-VIDEO_EN,1,YES
220115,en,TRAIN-VIDEO_EN,1,YES
220116,en,TRAIN-VIDEO_EN,1,YES
220117,en,TRAIN-VIDEO_EN,1,YES
220118,en,TRAIN-VIDEO_EN,0,NO
220119,en,TRAIN-VIDEO_EN,1,YES
220122,en,TRAIN-VIDEO_EN,1,YES
220124,en,TRAIN-VIDEO_EN,0,NO
220125,en,TRAIN-VIDEO_EN,0,NO
220126,en,TRAIN-VIDEO_EN,0,NO
220127,en,TRAIN-VIDEO_EN,0,NO
220128,en,TRAIN-VIDEO_EN,1,YES
220129,en,TRAIN-VIDEO_EN,1,YES
220130,en,TRAIN-VIDEO_EN,0,NO
220131,en,TRAIN-VIDEO_EN,1,YES
220132,en,TRAIN-VIDEO_EN,0,NO
220133,en,TRAIN-VIDEO_EN,1,YES
220134,en,TRAIN-VIDEO_EN,0,NO
220135,en,TRAIN-VIDEO_EN,1,YES
220137,en,TRAIN-VIDEO_EN,0,NO
220138,en,TRAIN-VIDEO_EN,0,NO
220139,en,TRAIN-VIDEO_EN,0,NO
220141,en,TRAIN-VIDEO_EN,0,NO
220143,en,TRAIN-VIDEO_EN,1,YES
220145,en,TRAIN-VIDEO_EN,1,YES
220146,en,TRAIN-VIDEO_EN,0,NO
220147,en,TRAIN-VIDEO_EN,1,YES
220148,en,TRAIN-VIDEO_EN,0,NO
220149,en,TRAIN-VIDEO_EN,1,YES
220150,en,TRAIN-VIDEO_EN,0,NO
220151,en,TRAIN-VIDEO_EN,1,YES
220152,en,TRAIN-VIDEO_EN,0,NO
220153,en,TRAIN-VIDEO_EN,1,YES
220154,en,TRAIN-VIDEO_EN,1,YES
220155,en,TRAIN-VIDEO_EN,1,YES
220156,en,TRAIN-VIDEO_EN,1,YES
220158,en,TRAIN-VIDEO_EN,1,YES
220160,en,TRAIN-VIDEO_EN,0,NO
220161,en,TRAIN-VIDEO_EN,0,NO
220163,en,TRAIN-VIDEO_EN,0,NO
220164,en,TRAIN-VIDEO_EN,1,YES
220165,en,TRAIN-VIDEO_EN,0,NO
220166,en,TRAIN-VIDEO_EN,0,NO
220167,en,TRAIN-VIDEO_EN,0,NO
220169,en,TRAIN-VIDEO_EN,1,YES
220171,en,TRAIN-VIDEO_EN,0,NO
220172,en,TRAIN-VIDEO_EN,0,NO
220173,en,TRAIN-VIDEO_EN,0,NO
220174,en,TRAIN-VIDEO_EN,0,NO
220175,en,TRAIN-VIDEO_EN,0,NO
220177,en,TRAIN-VIDEO_EN,1,YES
220179,en,TRAIN-VIDEO_EN,0,NO
220180,en,TRAIN-VIDEO_EN,1,YES
220181,en,TRAIN-VIDEO_EN,1,YES
220182,en,TRAIN-VIDEO_EN,0,NO
220185,en,TRAIN-VIDEO_EN,1,YES
220186,en,TRAIN-VIDEO_EN,1,YES
220187,en,TRAIN-VIDEO_EN,1,YES
220190,en,TRAIN-VIDEO_EN,1,YES
220192,en,TRAIN-VIDEO_EN,1,YES
220193,en,TRAIN-VIDEO_EN,1,YES
220194,en,TRAIN-VIDEO_EN,0,NO
220195,en,TRAIN-VIDEO_EN,1,YES
220196,en,TRAIN-VIDEO_EN,0,NO
220197,en,TRAIN-VIDEO_EN,0,NO
220199,en,TRAIN-VIDEO_EN,1,YES
220200,en,TRAIN-VIDEO_EN,1,YES
220202,en,TRAIN-VIDEO_EN,1,YES
220203,en,TRAIN-VIDEO_EN,1,YES
220204,en,TRAIN-VIDEO_EN,1,YES
220205,en,TRAIN-VIDEO_EN,0,NO
220207,en,TRAIN-VIDEO_EN,0,NO
220208,en,TRAIN-VIDEO_EN,0,NO
220209,en,TRAIN-VIDEO_EN,1,YES
220210,en,TRAIN-VIDEO_EN,1,YES
220212,en,TRAIN-VIDEO_EN,1,YES
220213,en,TRAIN-VIDEO_EN,0,NO
220215,en,TRAIN-VIDEO_EN,0,NO
220216,en,TRAIN-VIDEO_EN,0,NO
220217,en,TRAIN-VIDEO_EN,0,NO
220218,en,TRAIN-VIDEO_EN,0,NO
220219,en,TRAIN-VIDEO_EN,1,YES
220220,en,TRAIN-VIDEO_EN,0,NO
220221,en,TRAIN-VIDEO_EN,0,NO
220222,en,TRAIN-VIDEO_EN,0,NO
220223,en,TRAIN-VIDEO_EN,0,NO
220225,en,TRAIN-VIDEO_EN,1,YES
220226,en,TRAIN-VIDEO_EN,1,YES
220227,en,TRAIN-VIDEO_EN,1,YES
220228,en,TRAIN-VIDEO_EN,1,YES
220229,en,TRAIN-VIDEO_EN,1,YES
220230,en,TRAIN-VIDEO_EN,0,NO
220231,en,TRAIN-VIDEO_EN,1,YES
220232,en,TRAIN-VIDEO_EN,0,NO
220233,en,TRAIN-VIDEO_EN,0,NO
220234,en,TRAIN-VIDEO_EN,0,NO
220235,en,TRAIN-VIDEO_EN,1,YES
220236,en,TRAIN-VIDEO_EN,0,NO
220238,en,TRAIN-VIDEO_EN,0,NO
220239,en,TRAIN-VIDEO_EN,1,YES
220241,en,TRAIN-VIDEO_EN,1,YES
220242,en,TRAIN-VIDEO_EN,1,YES
220243,en,TRAIN-VIDEO_EN,1,YES
220244,en,TRAIN-VIDEO_EN,0,NO
220245,en,TRAIN-VIDEO_EN,0,NO
220246,en,TRAIN-VIDEO_EN,1,YES
220248,en,TRAIN-VIDEO_EN,0,NO
220249,en,TRAIN-VIDEO_EN,0,NO
220250,en,TRAIN-VIDEO_EN,1,YES
220251,en,TRAIN-VIDEO_EN,0,NO
220252,en,TRAIN-VIDEO_EN,1,YES
220254,en,TRAIN-VIDEO_EN,0,NO
220255,en,TRAIN-VIDEO_EN,0,NO
220259,en,TRAIN-VIDEO_EN,1,YES
220261,en,TRAIN-VIDEO_EN,0,NO
220262,en,TRAIN-VIDEO_EN,1,YES
220263,en,TRAIN-VIDEO_EN,1,YES
220264,en,TRAIN-VIDEO_EN,0,NO
220265,en,TRAIN-VIDEO_EN,1,YES
220266,en,TRAIN-VIDEO_EN,1,YES
220267,en,TRAIN-VIDEO_EN,1,YES
220268,en,TRAIN-VIDEO_EN,0,NO
220269,en,TRAIN-VIDEO_EN,0,NO
220270,en,TRAIN-VIDEO_EN,0,NO
220271,en,TRAIN-VIDEO_EN,1,YES
220272,en,TRAIN-VIDEO_EN,1,YES
220273,en,TRAIN-VIDEO_EN,0,NO
220274,en,TRAIN-VIDEO_EN,1,YES
220275,en,TRAIN-VIDEO_EN,0,NO
220276,en,TRAIN-VIDEO_EN,0,NO
220277,en,TRAIN-VIDEO_EN,0,NO
220278,en,TRAIN-VIDEO_EN,1,YES
220281,en,TRAIN-VIDEO_EN,0,NO
220283,en,TRAIN-VIDEO_EN,1,YES
220284,en,TRAIN-VIDEO_EN,0,NO
220285,en,TRAIN-VIDEO_EN,0,NO
220286,en,TRAIN-VIDEO_EN,1,YES
220288,en,TRAIN-VIDEO_EN,1,YES
220289,en,TRAIN-VIDEO_EN,0,NO
220290,en,TRAIN-VIDEO_EN,0,NO
220291,en,TRAIN-VIDEO_EN,0,NO
220292,en,TRAIN-VIDEO_EN,0,NO
220294,en,TRAIN-VIDEO_EN,1,YES
220295,en,TRAIN-VIDEO_EN,0,NO
220296,en,TRAIN-VIDEO_EN,1,YES
220297,en,TRAIN-VIDEO_EN,0,NO
220300,en,TRAIN-VIDEO_EN,1,YES
220301,en,TRAIN-VIDEO_EN,0,NO
220302,en,TRAIN-VIDEO_EN,1,YES
220303,en,TRAIN-VIDEO_EN,0,NO
220304,en,TRAIN-VIDEO_EN,1,YES
220305,en,TRAIN-VIDEO_EN,1,YES
220306,en,TRAIN-VIDEO_EN,1,YES
220307,en,TRAIN-VIDEO_EN,1,YES
220308,en,TRAIN-VIDEO_EN,1,YES
220309,en,TRAIN-VIDEO_EN,0,NO
220310,en,TRAIN-VIDEO_EN,1,YES
220311,en,TRAIN-VIDEO_EN,1,YES
220312,en,TRAIN-VIDEO_EN,1,YES
220313,en,TRAIN-VIDEO_EN,0,NO
220314,en,TRAIN-VIDEO_EN,0,NO
220316,en,TRAIN-VIDEO_EN,0,NO
220317,en,TRAIN-VIDEO_EN,1,YES
220319,en,TRAIN-VIDEO_EN,1,YES
220320,en,TRAIN-VIDEO_EN,0,NO
220321,en,TRAIN-VIDEO_EN,1,YES
220322,en,TRAIN-VIDEO_EN,1,YES
220323,en,TRAIN-VIDEO_EN,1,YES
220324,en,TRAIN-VIDEO_EN,1,YES
220325,en,TRAIN-VIDEO_EN,1,YES
220326,en,TRAIN-VIDEO_EN,1,YES
220327,en,TRAIN-VIDEO_EN,1,YES
220328,en,TRAIN-VIDEO_EN,0,NO
220329,en,TRAIN-VIDEO_EN,1,YES
220330,en,TRAIN-VIDEO_EN,1,YES
220331,en,TRAIN-VIDEO_EN,0,NO
220332,en,TRAIN-VIDEO_EN,1,YES
220333,en,TRAIN-VIDEO_EN,0,NO
220334,en,TRAIN-VIDEO_EN,1,YES
220336,en,TRAIN-VIDEO_EN,1,YES
220337,en,TRAIN-VIDEO_EN,0,NO
220338,en,TRAIN-VIDEO_EN,1,YES
220339,en,TRAIN-VIDEO_EN,1,YES
220340,en,TRAIN-VIDEO_EN,1,YES
220342,en,TRAIN-VIDEO_EN,1,YES
220343,en,TRAIN-VIDEO_EN,0,NO
220344,en,TRAIN-VIDEO_EN,0,NO
220345,en,TRAIN-VIDEO_EN,0,NO
220346,en,TRAIN-VIDEO_EN,0,NO
220347,en,TRAIN-VIDEO_EN,1,YES
220348,en,TRAIN-VIDEO_EN,0,NO
220349,en,TRAIN-VIDEO_EN,0,NO
220351,en,TRAIN-VIDEO_EN,1,YES
220352,en,TRAIN-VIDEO_EN,0,NO
220353,en,TRAIN-VIDEO_EN,1,YES
220354,en,TRAIN-VIDEO_EN,0,NO
220355,en,TRAIN-VIDEO_EN,0,NO
220356,en,TRAIN-VIDEO_EN,0,NO
220357,en,TRAIN-VIDEO_EN,0,NO
220358,en,TRAIN-VIDEO_EN,0,NO
220359,en,TRAIN-VIDEO_EN,0,NO
220360,en,TRAIN-VIDEO_EN,1,YES
220361,en,TRAIN-VIDEO_EN,0,NO
220362,en,TRAIN-VIDEO_EN,0,NO
220363,en,TRAIN-VIDEO_EN,1,YES
220365,en,TRAIN-VIDEO_EN,1,YES
220367,en,TRAIN-VIDEO_EN,0,NO
220368,en,TRAIN-VIDEO_EN,0,NO
220369,en,TRAIN-VIDEO_EN,1,YES
220371,en,TRAIN-VIDEO_EN,1,YES
220372,en,TRAIN-VIDEO_EN,0,NO
220373,en,TRAIN-VIDEO_EN,0,NO
220374,en,TRAIN-VIDEO_EN,1,YES
220375,en,TRAIN-VIDEO_EN,0,NO
220376,en,TRAIN-VIDEO_EN,0,NO
220377,en,TRAIN-VIDEO_EN,0,NO
220378,en,TRAIN-VIDEO_EN,1,YES
220379,en,TRAIN-VIDEO_EN,1,YES
220380,en,TRAIN-VIDEO_EN,0,NO
220383,en,TRAIN-VIDEO_EN,1,YES
220384,en,TRAIN-VIDEO_EN,0,NO
220385,en,TRAIN-VIDEO_EN,1,YES
220387,en,TRAIN-VIDEO_EN,1,YES
220388,en,TRAIN-VIDEO_EN,0,NO
220389,en,TRAIN-VIDEO_EN,1,YES
220390,en,TRAIN-VIDEO_EN,1,YES
220391,en,TRAIN-VIDEO_EN,1,YES
220392,en,TRAIN-VIDEO_EN,1,YES
220394,en,TRAIN-VIDEO_EN,0,NO
220395,en,TRAIN-VIDEO_EN,0,NO
220396,en,TRAIN-VIDEO_EN,1,YES
220397,en,TRAIN-VIDEO_EN,0,NO
220398,en,TRAIN-VIDEO_EN,0,NO
220399,en,TRAIN-VIDEO_EN,0,NO
220400,en,TRAIN-VIDEO_EN,0,NO
220401,en,TRAIN-VIDEO_EN,0,NO
220402,en,TRAIN-VIDEO_EN,1,YES
220403,en,TRAIN-VIDEO_EN,0,NO
220404,en,TRAIN-VIDEO_EN,1,YES
220405,en,TRAIN-VIDEO_EN,1,YES
220406,en,TRAIN-VIDEO_EN,0,NO
220407,en,TRAIN-VIDEO_EN,1,YES
220410,en,TRAIN-VIDEO_EN,0,NO
220411,en,TRAIN-VIDEO_EN,1,YES
220412,en,TRAIN-VIDEO_EN,0,NO
220413,en,TRAIN-VIDEO_EN,0,NO
220416,en,TRAIN-VIDEO_EN,0,NO
220418,en,TRAIN-VIDEO_EN,0,NO
220419,en,TRAIN-VIDEO_EN,1,YES
220420,en,TRAIN-VIDEO_EN,0,NO
220423,en,TRAIN-VIDEO_EN,0,NO
220424,en,TRAIN-VIDEO_EN,0,NO
220425,en,TRAIN-VIDEO_EN,0,NO
220426,en,TRAIN-VIDEO_EN,0,NO
220427,en,TRAIN-VIDEO_EN,0,NO
220428,en,TRAIN-VIDEO_EN,0,NO
220429,en,TRAIN-VIDEO_EN,1,YES
220430,en,TRAIN-VIDEO_EN,1,YES
220431,en,TRAIN-VIDEO_EN,0,NO
220432,en,TRAIN-VIDEO_EN,0,NO
220434,en,TRAIN-VIDEO_EN,0,NO
220435,en,TRAIN-VIDEO_EN,0,NO
220436,en,TRAIN-VIDEO_EN,0,NO
220437,en,TRAIN-VIDEO_EN,1,YES
220441,en,TRAIN-VIDEO_EN,1,YES
220442,en,TRAIN-VIDEO_EN,0,NO
220443,en,TRAIN-VIDEO_EN,0,NO
220444,en,TRAIN-VIDEO_EN,0,NO
220445,en,TRAIN-VIDEO_EN,1,YES
220446,en,TRAIN-VIDEO_EN,1,YES
220447,en,TRAIN-VIDEO_EN,1,YES
220448,en,TRAIN-VIDEO_EN,1,YES
220450,en,TRAIN-VIDEO_EN,1,YES
220451,en,TRAIN-VIDEO_EN,1,YES
220452,en,TRAIN-VIDEO_EN,0,NO
220453,en,TRAIN-VIDEO_EN,0,NO
220454,en,TRAIN-VIDEO_EN,0,NO
220455,en,TRAIN-VIDEO_EN,0,NO
220457,en,TRAIN-VIDEO_EN,0,NO
220458,en,TRAIN-VIDEO_EN,0,NO
220459,en,TRAIN-VIDEO_EN,0,NO
220460,en,TRAIN-VIDEO_EN,1,YES
220461,en,TRAIN-VIDEO_EN,0,NO
220462,en,TRAIN-VIDEO_EN,0,NO
220463,en,TRAIN-VIDEO_EN,1,YES
220464,en,TRAIN-VIDEO_EN,1,YES
220465,en,TRAIN-VIDEO_EN,1,YES
220466,en,TRAIN-VIDEO_EN,1,YES
220467,en,TRAIN-VIDEO_EN,0,NO
220468,en,TRAIN-VIDEO_EN,0,NO
220469,en,TRAIN-VIDEO_EN,1,YES
220472,en,TRAIN-VIDEO_EN,0,NO
220473,en,TRAIN-VIDEO_EN,0,NO
220474,en,TRAIN-VIDEO_EN,0,NO
220476,en,TRAIN-VIDEO_EN,1,YES
220477,en,TRAIN-VIDEO_EN,0,NO
220478,en,TRAIN-VIDEO_EN,1,YES
220481,en,TRAIN-VIDEO_EN,1,YES
220483,en,TRAIN-VIDEO_EN,0,NO
220484,en,TRAIN-VIDEO_EN,0,NO
220485,en,TRAIN-VIDEO_EN,1,YES
220486,en,TRAIN-VIDEO_EN,1,YES
220487,en,TRAIN-VIDEO_EN,0,NO
220488,en,TRAIN-VIDEO_EN,0,NO
220489,en,TRAIN-VIDEO_EN,0,NO
220490,en,TRAIN-VIDEO_EN,0,NO
220492,en,TRAIN-VIDEO_EN,1,YES
220493,en,TRAIN-VIDEO_EN,0,NO
220494,en,TRAIN-VIDEO_EN,0,NO
220495,en,TRAIN-VIDEO_EN,0,NO
220496,en,TRAIN-VIDEO_EN,0,NO
220497,en,TRAIN-VIDEO_EN,0,NO
220498,en,TRAIN-VIDEO_EN,1,YES
220499,en,TRAIN-VIDEO_EN,0,NO
220500,en,TRAIN-VIDEO_EN,1,YES
220501,en,TRAIN-VIDEO_EN,0,NO
220502,en,TRAIN-VIDEO_EN,1,YES
220503,en,TRAIN-VIDEO_EN,0,NO
220504,en,TRAIN-VIDEO_EN,0,NO
220505,en,TRAIN-VIDEO_EN,0,NO
220506,en,TRAIN-VIDEO_EN,0,NO
220507,en,TRAIN-VIDEO_EN,1,YES
220508,en,TRAIN-VIDEO_EN,1,YES
220510,en,TRAIN-VIDEO_EN,0,NO
220511,en,TRAIN-VIDEO_EN,1,YES
220512,en,TRAIN-VIDEO_EN,0,NO
220513,en,TRAIN-VIDEO_EN,1,YES
220514,en,TRAIN-VIDEO_EN,0,NO
220515,en,TRAIN-VIDEO_EN,1,YES
220516,en,TRAIN-VIDEO_EN,0,NO
220517,en,TRAIN-VIDEO_EN,1,YES
220519,en,TRAIN-VIDEO_EN,0,NO
220520,en,TRAIN-VIDEO_EN,1,YES
220521,en,TRAIN-VIDEO_EN,0,NO
220523,en,TRAIN-VIDEO_EN,0,NO
220524,en,TRAIN-VIDEO_EN,0,NO
220526,en,TRAIN-VIDEO_EN,1,YES
220527,en,TRAIN-VIDEO_EN,1,YES
220528,en,TRAIN-VIDEO_EN,0,NO
220529,en,TRAIN-VIDEO_EN,0,NO
220532,en,TRAIN-VIDEO_EN,1,YES
220533,en,TRAIN-VIDEO_EN,0,NO
220534,en,TRAIN-VIDEO_EN,1,YES
220535,en,TRAIN-VIDEO_EN,0,NO
220536,en,TRAIN-VIDEO_EN,1,YES
220537,en,TRAIN-VIDEO_EN,0,NO
220538,en,TRAIN-VIDEO_EN,1,YES
220539,en,TRAIN-VIDEO_EN,0,NO
220540,en,TRAIN-VIDEO_EN,1,YES
220541,en,TRAIN-VIDEO_EN,1,YES
220544,en,TRAIN-VIDEO_EN,1,YES
220545,en,TRAIN-VIDEO_EN,0,NO
220546,en,TRAIN-VIDEO_EN,1,YES
220547,en,TRAIN-VIDEO_EN,1,YES
220548,en,TRAIN-VIDEO_EN,0,NO
220549,en,TRAIN-VIDEO_EN,0,NO
220550,en,TRAIN-VIDEO_EN,1,YES
220551,en,TRAIN-VIDEO_EN,0,NO
220552,en,TRAIN-VIDEO_EN,1,YES
220553,en,TRAIN-VIDEO_EN,0,NO
220554,en,TRAIN-VIDEO_EN,0,NO
220555,en,TRAIN-VIDEO_EN,1,YES
220556,en,TRAIN-VIDEO_EN,0,NO
220557,en,TRAIN-VIDEO_EN,1,YES
220558,en,TRAIN-VIDEO_EN,0,NO
220560,en,TRAIN-VIDEO_EN,0,NO
220562,en,TRAIN-VIDEO_EN,0,NO
220563,en,TRAIN-VIDEO_EN,0,NO
220565,en,TRAIN-VIDEO_EN,1,YES
220566,en,TRAIN-VIDEO_EN,0,NO
220569,en,TRAIN-VIDEO_EN,1,YES
220571,en,TRAIN-VIDEO_EN,1,YES
220572,en,TRAIN-VIDEO_EN,0,NO
220573,en,TRAIN-VIDEO_EN,1,YES
220574,en,TRAIN-VIDEO_EN,0,NO
220575,en,TRAIN-VIDEO_EN,1,YES
220577,en,TRAIN-VIDEO_EN,1,YES
220578,en,TRAIN-VIDEO_EN,0,NO
220579,en,TRAIN-VIDEO_EN,1,YES
220581,en,TRAIN-VIDEO_EN,1,YES
220582,en,TRAIN-VIDEO_EN,1,YES
220583,en,TRAIN-VIDEO_EN,1,YES
220584,en,TRAIN-VIDEO_EN,0,NO
220585,en,TRAIN-VIDEO_EN,0,NO
220586,en,TRAIN-VIDEO_EN,0,NO
220587,en,TRAIN-VIDEO_EN,0,NO
220589,en,TRAIN-VIDEO_EN,0,NO
220592,en,TRAIN-VIDEO_EN,0,NO
220593,en,TRAIN-VIDEO_EN,1,YES
220594,en,TRAIN-VIDEO_EN,0,NO
220596,en,TRAIN-VIDEO_EN,1,YES
220597,en,TRAIN-VIDEO_EN,0,NO
220598,en,TRAIN-VIDEO_EN,1,YES
220600,en,TRAIN-VIDEO_EN,1,YES
220601,en,TRAIN-VIDEO_EN,0,NO
220602,en,TRAIN-VIDEO_EN,1,YES
220604,en,TRAIN-VIDEO_EN,1,YES
220605,en,TRAIN-VIDEO_EN,1,YES
220606,en,TRAIN-VIDEO_EN,0,NO
220608,en,TRAIN-VIDEO_EN,0,NO
220610,en,TRAIN-VIDEO_EN,1,YES
220611,en,TRAIN-VIDEO_EN,0,NO
220612,en,TRAIN-VIDEO_EN,0,NO
220613,en,TRAIN-VIDEO_EN,0,NO
220614,en,TRAIN-VIDEO_EN,0,NO
220615,en,TRAIN-VIDEO_EN,0,NO
220617,en,TRAIN-VIDEO_EN,0,NO
220618,en,TRAIN-VIDEO_EN,0,NO
220620,en,TRAIN-VIDEO_EN,1,YES
220621,en,TRAIN-VIDEO_EN,0,NO
220622,en,TRAIN-VIDEO_EN,1,YES
220623,en,TRAIN-VIDEO_EN,0,NO
220624,en,TRAIN-VIDEO_EN,0,NO
220626,en,TRAIN-VIDEO_EN,0,NO
220629,en,TRAIN-VIDEO_EN,0,NO
220630,en,TRAIN-VIDEO_EN,1,YES
220631,en,TRAIN-VIDEO_EN,0,NO
220632,en,TRAIN-VIDEO_EN,0,NO
220633,en,TRAIN-VIDEO_EN,1,YES
220635,en,TRAIN-VIDEO_EN,1,YES
220637,en,TRAIN-VIDEO_EN,1,YES
220638,en,TRAIN-VIDEO_EN,1,YES
220639,en,TRAIN-VIDEO_EN,0,NO
220641,en,TRAIN-VIDEO_EN,1,YES
220642,en,TRAIN-VIDEO_EN,0,NO
220643,en,TRAIN-VIDEO_EN,1,YES
220644,en,TRAIN-VIDEO_EN,0,NO
220645,en,TRAIN-VIDEO_EN,1,YES
220646,en,TRAIN-VIDEO_EN,0,NO
220647,en,TRAIN-VIDEO_EN,0,NO
220648,en,TRAIN-VIDEO_EN,0,NO
220649,en,TRAIN-VIDEO_EN,0,NO
220650,en,TRAIN-VIDEO_EN,1,YES
220651,en,TRAIN-VIDEO_EN,0,NO
220652,en,TRAIN-VIDEO_EN,0,NO
220654,en,TRAIN-VIDEO_EN,1,YES
220655,en,TRAIN-VIDEO_EN,1,YES
220657,en,TRAIN-VIDEO_EN,1,YES
220658,en,TRAIN-VIDEO_EN,0,NO
220659,en,TRAIN-VIDEO_EN,1,YES
220660,en,TRAIN-VIDEO_EN,1,YES
220662,en,TRAIN-VIDEO_EN,0,NO
220663,en,TRAIN-VIDEO_EN,1,YES
220664,en,TRAIN-VIDEO_EN,0,NO
220666,en,TRAIN-VIDEO_EN,1,YES
220667,en,TRAIN-VIDEO_EN,0,NO
220668,en,TRAIN-VIDEO_EN,0,NO
220669,en,TRAIN-VIDEO_EN,1,YES
220670,en,TRAIN-VIDEO_EN,1,YES
220671,en,TRAIN-VIDEO_EN,1,YES
220672,en,TRAIN-VIDEO_EN,1,YES
220673,en,TRAIN-VIDEO_EN,0,NO
220674,en,TRAIN-VIDEO_EN,0,NO
220675,en,TRAIN-VIDEO_EN,1,YES
220676,en,TRAIN-VIDEO_EN,0,NO
220677,en,TRAIN-VIDEO_EN,0,NO
220679,en,TRAIN-VIDEO_EN,1,YES
220680,en,TRAIN-VIDEO_EN,1,YES
220681,en,TRAIN-VIDEO_EN,0,NO
220682,en,TRAIN-VIDEO_EN,1,YES
220684,en,TRAIN-VIDEO_EN,1,YES
220685,en,TRAIN-VIDEO_EN,0,NO
220687,en,TRAIN-VIDEO_EN,0,NO
220688,en,TRAIN-VIDEO_EN,1,YES
220689,en,TRAIN-VIDEO_EN,1,YES
220690,en,TRAIN-VIDEO_EN,1,YES
220692,en,TRAIN-VIDEO_EN,0,NO
220694,en,TRAIN-VIDEO_EN,0,NO
220695,en,TRAIN-VIDEO_EN,1,YES
220696,en,TRAIN-VIDEO_EN,1,YES
220697,en,TRAIN-VIDEO_EN,0,NO
220698,en,TRAIN-VIDEO_EN,1,YES
220699,en,TRAIN-VIDEO_EN,1,YES
220700,en,TRAIN-VIDEO_EN,1,YES
220702,en,TRAIN-VIDEO_EN,0,NO
220704,en,TRAIN-VIDEO_EN,0,NO
220705,en,TRAIN-VIDEO_EN,0,NO
220706,en,TRAIN-VIDEO_EN,0,NO
220708,en,TRAIN-VIDEO_EN,1,YES
220709,en,TRAIN-VIDEO_EN,0,NO
220710,en,TRAIN-VIDEO_EN,0,NO
220711,en,TRAIN-VIDEO_EN,0,NO
220712,en,TRAIN-VIDEO_EN,0,NO
220713,en,TRAIN-VIDEO_EN,1,YES
220714,en,TRAIN-VIDEO_EN,0,NO
220715,en,TRAIN-VIDEO_EN,1,YES
220716,en,TRAIN-VIDEO_EN,1,YES
220718,en,TRAIN-VIDEO_EN,0,NO
220719,en,TRAIN-VIDEO_EN,0,NO
220720,en,TRAIN-VIDEO_EN,1,YES
220721,en,TRAIN-VIDEO_EN,1,YES
220722,en,TRAIN-VIDEO_EN,0,NO
220723,en,TRAIN-VIDEO_EN,1,YES
220724,en,TRAIN-VIDEO_EN,0,NO
220725,en,TRAIN-VIDEO_EN,0,NO
220726,en,TRAIN-VIDEO_EN,1,YES
220727,en,TRAIN-VIDEO_EN,0,NO
220728,en,TRAIN-VIDEO_EN,1,YES
220729,en,TRAIN-VIDEO_EN,0,NO
220730,en,TRAIN-VIDEO_EN,1,YES
220731,en,TRAIN-VIDEO_EN,1,YES
220732,en,TRAIN-VIDEO_EN,1,YES
220733,en,TRAIN-VIDEO_EN,1,YES
220735,en,TRAIN-VIDEO_EN,1,YES
220737,en,TRAIN-VIDEO_EN,1,YES
220738,en,TRAIN-VIDEO_EN,0,NO
220739,en,TRAIN-VIDEO_EN,0,NO
220741,en,TRAIN-VIDEO_EN,0,NO
220742,en,TRAIN-VIDEO_EN,1,YES
220743,en,TRAIN-VIDEO_EN,1,YES
220744,en,TRAIN-VIDEO_EN,0,NO
220745,en,TRAIN-VIDEO_EN,1,YES
220746,en,TRAIN-VIDEO_EN,0,NO
220747,en,TRAIN-VIDEO_EN,1,YES
220748,en,TRAIN-VIDEO_EN,0,NO
220750,en,TRAIN-VIDEO_EN,0,NO
220751,en,TRAIN-VIDEO_EN,1,YES
220752,en,TRAIN-VIDEO_EN,1,YES
220754,en,TRAIN-VIDEO_EN,1,YES
220755,en,TRAIN-VIDEO_EN,1,YES
220756,en,TRAIN-VIDEO_EN,0,NO
220758,en,TRAIN-VIDEO_EN,0,NO
220759,en,TRAIN-VIDEO_EN,0,NO
220761,en,TRAIN-VIDEO_EN,0,NO
220762,en,TRAIN-VIDEO_EN,1,YES
220764,en,TRAIN-VIDEO_EN,1,YES
220765,en,TRAIN-VIDEO_EN,0,NO
220766,en,TRAIN-VIDEO_EN,1,YES
220767,en,TRAIN-VIDEO_EN,1,YES
220768,en,TRAIN-VIDEO_EN,1,YES
220769,en,TRAIN-VIDEO_EN,1,YES
220770,en,TRAIN-VIDEO_EN,1,YES
220771,en,TRAIN-VIDEO_EN,1,YES
220772,en,TRAIN-VIDEO_EN,0,NO
220773,en,TRAIN-VIDEO_EN,0,NO
220775,en,TRAIN-VIDEO_EN,0,NO
220776,en,TRAIN-VIDEO_EN,0,NO
220777,en,TRAIN-VIDEO_EN,1,YES
220779,en,TRAIN-VIDEO_EN,0,NO
220780,en,TRAIN-VIDEO_EN,0,NO
220781,en,TRAIN-VIDEO_EN,1,YES
220784,en,TRAIN-VIDEO_EN,1,YES
220785,en,TRAIN-VIDEO_EN,1,YES
220786,en,TRAIN-VIDEO_EN,1,YES
220789,en,TRAIN-VIDEO_EN,0,NO
220790,en,TRAIN-VIDEO_EN,0,NO
220792,en,TRAIN-VIDEO_EN,1,YES
220794,en,TRAIN-VIDEO_EN,1,YES
220796,en,TRAIN-VIDEO_EN,1,YES
220797,en,TRAIN-VIDEO_EN,1,YES
220798,en,TRAIN-VIDEO_EN,0,NO
220799,en,TRAIN-VIDEO_EN,1,YES
220800,en,TRAIN-VIDEO_EN,1,YES
220801,en,TRAIN-VIDEO_EN,1,YES
220802,en,TRAIN-VIDEO_EN,1,YES
220803,en,TRAIN-VIDEO_EN,0,NO
220804,en,TRAIN-VIDEO_EN,1,YES
220805,en,TRAIN-VIDEO_EN,1,YES
220806,en,TRAIN-VIDEO_EN,0,NO
220807,en,TRAIN-VIDEO_EN,1,YES
220808,en,TRAIN-VIDEO_EN,1,YES
220809,en,TRAIN-VIDEO_EN,0,NO
220812,en,TRAIN-VIDEO_EN,1,YES
220813,en,TRAIN-VIDEO_EN,0,NO
220814,en,TRAIN-VIDEO_EN,0,NO
220815,en,TRAIN-VIDEO_EN,0,NO
220817,en,TRAIN-VIDEO_EN,0,NO
220819,en,TRAIN-VIDEO_EN,0,NO
220822,en,TRAIN-VIDEO_EN,1,YES
220823,en,TRAIN-VIDEO_EN,0,NO
220824,en,TRAIN-VIDEO_EN,0,NO
220827,en,TRAIN-VIDEO_EN,0,NO
220829,en,TRAIN-VIDEO_EN,0,NO
220830,en,TRAIN-VIDEO_EN,0,NO
220831,en,TRAIN-VIDEO_EN,0,NO
220832,en,TRAIN-VIDEO_EN,0,NO
220833,en,TRAIN-VIDEO_EN,0,NO
220834,en,TRAIN-VIDEO_EN,1,YES
220835,en,TRAIN-VIDEO_EN,0,NO
220836,en,TRAIN-VIDEO_EN,0,NO
220837,en,TRAIN-VIDEO_EN,0,NO
220838,en,TRAIN-VIDEO_EN,0,NO
220840,en,TRAIN-VIDEO_EN,0,NO
220841,en,TRAIN-VIDEO_EN,0,NO
220842,en,TRAIN-VIDEO_EN,0,NO
220843,en,TRAIN-VIDEO_EN,0,NO
220845,en,TRAIN-VIDEO_EN,0,NO
220846,en,TRAIN-VIDEO_EN,0,NO
220847,en,TRAIN-VIDEO_EN,0,NO
220848,en,TRAIN-VIDEO_EN,0,NO
220850,en,TRAIN-VIDEO_EN,0,NO
220851,en,TRAIN-VIDEO_EN,0,NO
220852,en,TRAIN-VIDEO_EN,1,YES
220853,en,TRAIN-VIDEO_EN,1,YES
220854,en,TRAIN-VIDEO_EN,1,YES
220855,en,TRAIN-VIDEO_EN,0,NO
220857,en,TRAIN-VIDEO_EN,1,YES
220858,en,TRAIN-VIDEO_EN,1,YES
220859,en,TRAIN-VIDEO_EN,1,YES
220860,en,TRAIN-VIDEO_EN,0,NO
220861,en,TRAIN-VIDEO_EN,0,NO
220862,en,TRAIN-VIDEO_EN,0,NO
220863,en,TRAIN-VIDEO_EN,0,NO
220864,en,TRAIN-VIDEO_EN,0,NO
220865,en,TRAIN-VIDEO_EN,1,YES
220866,en,TRAIN-VIDEO_EN,0,NO
220867,en,TRAIN-VIDEO_EN,0,NO
220868,en,TRAIN-VIDEO_EN,0,NO
220869,en,TRAIN-VIDEO_EN,0,NO
220871,en,TRAIN-VIDEO_EN,1,YES
220873,en,TRAIN-VIDEO_EN,0,NO
220874,en,TRAIN-VIDEO_EN,0,NO
220877,en,TRAIN-VIDEO_EN,0,NO
220878,en,TRAIN-VIDEO_EN,0,NO
220879,en,TRAIN-VIDEO_EN,1,YES
220881,en,TRAIN-VIDEO_EN,1,YES
220882,en,TRAIN-VIDEO_EN,1,YES
220883,en,TRAIN-VIDEO_EN,0,NO
220884,en,TRAIN-VIDEO_EN,0,NO
220885,en,TRAIN-VIDEO_EN,1,YES
220886,en,TRAIN-VIDEO_EN,1,YES
220887,en,TRAIN-VIDEO_EN,0,NO
220888,en,TRAIN-VIDEO_EN,0,NO
220890,en,TRAIN-VIDEO_EN,1,YES
220891,en,TRAIN-VIDEO_EN,0,NO
220892,en,TRAIN-VIDEO_EN,0,NO
220893,en,TRAIN-VIDEO_EN,1,YES
220896,en,TRAIN-VIDEO_EN,1,YES
220897,en,TRAIN-VIDEO_EN,0,NO
220898,en,TRAIN-VIDEO_EN,1,YES
220899,en,TRAIN-VIDEO_EN,1,YES
220901,en,TRAIN-VIDEO_EN,1,YES
220902,en,TRAIN-VIDEO_EN,1,YES
220903,en,TRAIN-VIDEO_EN,0,NO
220904,en,TRAIN-VIDEO_EN,0,NO
220905,en,TRAIN-VIDEO_EN,1,YES
220907,en,TRAIN-VIDEO_EN,0,NO
220908,en,TRAIN-VIDEO_EN,1,YES
220909,en,TRAIN-VIDEO_EN,1,YES
220910,en,TRAIN-VIDEO_EN,1,YES
220911,en,TRAIN-VIDEO_EN,1,YES
220912,en,TRAIN-VIDEO_EN,0,NO
220913,en,TRAIN-VIDEO_EN,1,YES
220914,en,TRAIN-VIDEO_EN,0,NO
220915,en,TRAIN-VIDEO_EN,0,NO
220916,en,TRAIN-VIDEO_EN,0,NO
220918,en,TRAIN-VIDEO_EN,0,NO
220919,en,TRAIN-VIDEO_EN,0,NO
220920,en,TRAIN-VIDEO_EN,0,NO
220922,en,TRAIN-VIDEO_EN,1,YES
220923,en,TRAIN-VIDEO_EN,0,NO
220926,en,TRAIN-VIDEO_EN,1,YES
220927,en,TRAIN-VIDEO_EN,0,NO
220928,en,TRAIN-VIDEO_EN,0,NO
220930,en,TRAIN-VIDEO_EN,0,NO
220931,en,TRAIN-VIDEO_EN,1,YES
220932,en,TRAIN-VIDEO_EN,0,NO
220934,en,TRAIN-VIDEO_EN,0,NO
220935,en,TRAIN-VIDEO_EN,1,YES
220936,en,TRAIN-VIDEO_EN,1,YES
220937,en,TRAIN-VIDEO_EN,1,YES
220938,en,TRAIN-VIDEO_EN,1,YES
220939,en,TRAIN-VIDEO_EN,0,NO
220940,en,TRAIN-VIDEO_EN,0,NO
220941,en,TRAIN-VIDEO_EN,1,YES
220942,en,TRAIN-VIDEO_EN,1,YES
220943,en,TRAIN-VIDEO_EN,0,NO
220945,en,TRAIN-VIDEO_EN,0,NO
220946,en,TRAIN-VIDEO_EN,0,NO
220948,en,TRAIN-VIDEO_EN,1,YES
220949,en,TRAIN-VIDEO_EN,0,NO
220951,en,TRAIN-VIDEO_EN,1,YES
220952,en,TRAIN-VIDEO_EN,1,YES
220955,en,TRAIN-VIDEO_EN,0,NO
220956,en,TRAIN-VIDEO_EN,0,NO
220958,en,TRAIN-VIDEO_EN,1,YES
220959,en,TRAIN-VIDEO_EN,1,YES
220960,en,TRAIN-VIDEO_EN,1,YES
220962,en,TRAIN-VIDEO_EN,1,YES
220963,en,TRAIN-VIDEO_EN,0,NO
220964,en,TRAIN-VIDEO_EN,1,YES
220966,en,TRAIN-VIDEO_EN,0,NO
220968,en,TRAIN-VIDEO_EN,0,NO
220970,en,TRAIN-VIDEO_EN,0,NO
220971,en,TRAIN-VIDEO_EN,0,NO
220972,en,TRAIN-VIDEO_EN,1,YES
220973,en,TRAIN-VIDEO_EN,0,NO
220974,en,TRAIN-VIDEO_EN,0,NO
220975,en,TRAIN-VIDEO_EN,0,NO
220976,en,TRAIN-VIDEO_EN,1,YES
220978,en,TRAIN-VIDEO_EN,0,NO
220979,en,TRAIN-VIDEO_EN,1,YES
220980,en,TRAIN-VIDEO_EN,1,YES
220981,en,TRAIN-VIDEO_EN,0,NO
220982,en,TRAIN-VIDEO_EN,1,YES
220984,en,TRAIN-VIDEO_EN,0,NO
220985,en,TRAIN-VIDEO_EN,0,NO
220986,en,TRAIN-VIDEO_EN,1,YES
220987,en,TRAIN-VIDEO_EN,0,NO
220988,en,TRAIN-VIDEO_EN,1,YES
220990,en,TRAIN-VIDEO_EN,0,NO
220992,en,TRAIN-VIDEO_EN,0,NO
220993,en,TRAIN-VIDEO_EN,0,NO
220994,en,TRAIN-VIDEO_EN,0,NO
220995,en,TRAIN-VIDEO_EN,0,NO
220996,en,TRAIN-VIDEO_EN,1,YES
220997,en,TRAIN-VIDEO_EN,0,NO
220998,en,TRAIN-VIDEO_EN,0,NO
220999,en,TRAIN-VIDEO_EN,0,NO
